Dataset,LanguageSize,NumConditionActionRules,EffectSize,NumOfRules,RuleSize,GoalSize,SearchDepth,Algorithm,Time,Decision,DecisionValue
problem0022,2,10,1,1,2,4,2,minimax,522,action_730,1.0
problem0022,2,10,1,1,2,4,2,mcts,424,action_599,2.5
problem0022,2,10,1,1,2,4,2,minimax,482,action_730,1.0
problem0022,2,10,1,1,2,4,2,mcts,363,action_621,0.5
problem0022,2,10,1,1,2,4,2,minimax,438,action_730,1.0
problem0022,2,10,1,1,2,4,2,mcts,512,action_130,1.5
problem0022,2,10,1,1,2,4,2,minimax,382,action_730,1.0
problem0022,2,10,1,1,2,4,2,mcts,418,action_273,0.5
problem0022,2,10,1,1,2,4,2,minimax,436,action_599,1.0
problem0022,2,10,1,1,2,4,2,mcts,509,action_602,1.0
problem0022,2,10,1,1,2,4,4,minimax,884,action_884,1.0
problem0022,2,10,1,1,2,4,4,mcts,1133,action_599,2.0
problem0022,2,10,1,1,2,4,4,minimax,1003,action_730,1.0
problem0022,2,10,1,1,2,4,4,mcts,929,action_386,2.0
problem0022,2,10,1,1,2,4,4,minimax,878,action_730,1.0
problem0022,2,10,1,1,2,4,4,mcts,1040,action_730,2.5
problem0022,2,10,1,1,2,4,4,minimax,1005,action_730,1.0
problem0022,2,10,1,1,2,4,4,mcts,1197,action_730,3.0
problem0022,2,10,1,1,2,4,4,minimax,825,action_730,1.0
problem0022,2,10,1,1,2,4,4,mcts,822,action_884,2.0
problem0022,2,10,1,1,2,4,6,minimax,2061,action_730,1.0
problem0022,2,10,1,1,2,4,6,mcts,1753,action_599,2.5
problem0022,2,10,1,1,2,4,6,minimax,1948,action_730,1.0
problem0022,2,10,1,1,2,4,6,mcts,1411,action_273,3.5
problem0022,2,10,1,1,2,4,6,minimax,2020,action_386,1.0
problem0022,2,10,1,1,2,4,6,mcts,1686,action_884,3.0
problem0022,2,10,1,1,2,4,6,minimax,2185,action_599,1.0
problem0022,2,10,1,1,2,4,6,mcts,1531,action_602,3.0
problem0022,2,10,1,1,2,4,6,minimax,1997,action_884,1.0
problem0022,2,10,1,1,2,4,6,mcts,1490,action_273,2.5
problem0022,2,10,1,1,2,4,8,minimax,4002,action_884,1.0
problem0022,2,10,1,1,2,4,8,mcts,1785,action_602,8.0
problem0022,2,10,1,1,2,4,8,minimax,3939,action_621,1.0
problem0022,2,10,1,1,2,4,8,mcts,1908,action_130,5.5
problem0022,2,10,1,1,2,4,8,minimax,4070,action_730,1.0
problem0022,2,10,1,1,2,4,8,mcts,1797,action_825,5.0
problem0022,2,10,1,1,2,4,8,minimax,4007,action_884,1.0
problem0022,2,10,1,1,2,4,8,mcts,1985,action_825,7.0
problem0022,2,10,1,1,2,4,8,minimax,4190,action_386,1.0
problem0022,2,10,1,1,2,4,8,mcts,1920,action_130,4.5
problem0022,2,10,1,1,2,4,10,minimax,8180,action_884,1.0
problem0022,2,10,1,1,2,4,10,mcts,1812,action_621,5.0
problem0022,2,10,1,1,2,4,10,minimax,8156,action_884,1.0
problem0022,2,10,1,1,2,4,10,mcts,1917,action_130,5.5
problem0022,2,10,1,1,2,4,10,minimax,8758,action_602,1.0
problem0022,2,10,1,1,2,4,10,mcts,2138,action_602,4.0
problem0022,2,10,1,1,2,4,10,minimax,8436,action_386,1.0
problem0022,2,10,1,1,2,4,10,mcts,2232,action_884,8.0
problem0022,2,10,1,1,2,4,10,minimax,8719,action_730,1.0
problem0022,2,10,1,1,2,4,10,mcts,1982,action_386,8.0
