Dataset,LanguageSize,NumConditionActionRules,EffectSize,NumOfRules,RuleSize,GoalSize,SearchDepth,Algorithm,Time,Decision,DecisionValue
problem0021,2,10,1,1,2,4,2,minimax,106,action_397,1.0
problem0021,2,10,1,1,2,4,2,mcts,166,action_385,1.0
problem0021,2,10,1,1,2,4,2,minimax,87,action_741,1.0
problem0021,2,10,1,1,2,4,2,mcts,134,action_385,1.0
problem0021,2,10,1,1,2,4,2,minimax,105,action_695,1.0
problem0021,2,10,1,1,2,4,2,mcts,136,action_695,1.0
problem0021,2,10,1,1,2,4,2,minimax,163,action_397,1.0
problem0021,2,10,1,1,2,4,2,mcts,110,action_397,1.0
problem0021,2,10,1,1,2,4,2,minimax,81,action_741,1.0
problem0021,2,10,1,1,2,4,2,mcts,153,action_385,3.0
problem0021,2,10,1,1,2,4,4,minimax,77,action_741,1.0
problem0021,2,10,1,1,2,4,4,mcts,262,action_32,3.0
problem0021,2,10,1,1,2,4,4,minimax,109,action_741,1.0
problem0021,2,10,1,1,2,4,4,mcts,229,action_32,2.0
problem0021,2,10,1,1,2,4,4,minimax,94,action_397,1.0
problem0021,2,10,1,1,2,4,4,mcts,168,action_654,3.0
problem0021,2,10,1,1,2,4,4,minimax,89,action_397,1.0
problem0021,2,10,1,1,2,4,4,mcts,265,action_32,2.0
problem0021,2,10,1,1,2,4,4,minimax,117,action_741,1.0
problem0021,2,10,1,1,2,4,4,mcts,389,action_654,5.0
problem0021,2,10,1,1,2,4,6,minimax,88,action_741,1.0
problem0021,2,10,1,1,2,4,6,mcts,400,action_654,5.0
problem0021,2,10,1,1,2,4,6,minimax,98,action_397,1.0
problem0021,2,10,1,1,2,4,6,mcts,424,action_695,2.0
problem0021,2,10,1,1,2,4,6,minimax,146,action_32,1.0
problem0021,2,10,1,1,2,4,6,mcts,355,action_949,8.0
problem0021,2,10,1,1,2,4,6,minimax,130,action_397,1.0
problem0021,2,10,1,1,2,4,6,mcts,449,action_360,3.0
problem0021,2,10,1,1,2,4,6,minimax,75,action_741,1.0
problem0021,2,10,1,1,2,4,6,mcts,212,action_949,4.0
problem0021,2,10,1,1,2,4,8,minimax,78,action_397,1.0
problem0021,2,10,1,1,2,4,8,mcts,399,action_741,4.0
problem0021,2,10,1,1,2,4,8,minimax,93,action_397,1.0
problem0021,2,10,1,1,2,4,8,mcts,437,action_654,4.0
problem0021,2,10,1,1,2,4,8,minimax,67,action_741,1.0
problem0021,2,10,1,1,2,4,8,mcts,349,action_397,5.0
problem0021,2,10,1,1,2,4,8,minimax,131,action_397,1.0
problem0021,2,10,1,1,2,4,8,mcts,401,action_654,5.0
problem0021,2,10,1,1,2,4,8,minimax,111,action_741,1.0
problem0021,2,10,1,1,2,4,8,mcts,316,action_956,5.0
problem0021,2,10,1,1,2,4,10,minimax,123,action_397,1.0
problem0021,2,10,1,1,2,4,10,mcts,585,action_741,3.0
problem0021,2,10,1,1,2,4,10,minimax,99,action_741,1.0
problem0021,2,10,1,1,2,4,10,mcts,421,action_741,8.0
problem0021,2,10,1,1,2,4,10,minimax,127,action_255,1.0
problem0021,2,10,1,1,2,4,10,mcts,474,action_654,9.0
problem0021,2,10,1,1,2,4,10,minimax,102,action_741,1.0
problem0021,2,10,1,1,2,4,10,mcts,477,action_255,8.0
problem0021,2,10,1,1,2,4,10,minimax,137,action_397,1.0
problem0021,2,10,1,1,2,4,10,mcts,472,action_741,4.0
