Dataset,LanguageSize,NumConditionActionRules,EffectSize,NumOfRules,RuleSize,GoalSize,SearchDepth,Algorithm,Time,Decision,DecisionValue
problem0041,4,8,1,2,2,8,2,minimax,3592,action_321,0.5
problem0041,4,8,1,2,2,8,2,mcts,2304,action_541,2.25
problem0041,4,8,1,2,2,8,2,minimax,3499,action_148,0.5
problem0041,4,8,1,2,2,8,2,mcts,2379,action_541,1.25
problem0041,4,8,1,2,2,8,2,minimax,3439,action_541,0.5
problem0041,4,8,1,2,2,8,2,mcts,2639,action_541,1.25
problem0041,4,8,1,2,2,8,2,minimax,3504,action_321,0.5
problem0041,4,8,1,2,2,8,2,mcts,2554,action_681,1.25
problem0041,4,8,1,2,2,8,2,minimax,3498,action_541,0.5
problem0041,4,8,1,2,2,8,2,mcts,2372,action_471,1.5
problem0041,4,8,1,2,2,8,4,minimax,50057,action_100,1.0
problem0041,4,8,1,2,2,8,4,mcts,5213,action_471,4.0
problem0041,4,8,1,2,2,8,4,minimax,49669,action_334,1.0
problem0041,4,8,1,2,2,8,4,mcts,4994,action_100,0.75
problem0041,4,8,1,2,2,8,4,minimax,50733,action_334,1.0
problem0041,4,8,1,2,2,8,4,mcts,4939,action_100,3.75
problem0041,4,8,1,2,2,8,4,minimax,49956,action_334,1.0
problem0041,4,8,1,2,2,8,4,mcts,4454,action_148,2.5
problem0041,4,8,1,2,2,8,4,minimax,49570,action_100,1.0
problem0041,4,8,1,2,2,8,4,mcts,4837,action_100,3.75
problem0041,4,8,1,2,2,8,6,minimax,365703,action_321,1.0
problem0041,4,8,1,2,2,8,6,mcts,7556,action_681,4.5
problem0041,4,8,1,2,2,8,6,minimax,366743,action_100,1.0
problem0041,4,8,1,2,2,8,6,mcts,8404,action_100,4.75
problem0041,4,8,1,2,2,8,6,minimax,367727,action_100,1.0
problem0041,4,8,1,2,2,8,6,mcts,7995,action_334,4.75
problem0041,4,8,1,2,2,8,6,minimax,367937,action_334,1.0
problem0041,4,8,1,2,2,8,6,mcts,7609,action_321,8.0
problem0041,4,8,1,2,2,8,6,minimax,366416,action_100,1.0
problem0041,4,8,1,2,2,8,6,mcts,7695,action_769,7.0
problem0041,4,8,1,2,2,8,8,minimax,2494360,action_321,1.0
problem0041,4,8,1,2,2,8,8,mcts,10178,action_681,6.0
problem0041,4,8,1,2,2,8,8,minimax,2507598,action_541,1.0
problem0041,4,8,1,2,2,8,8,mcts,10192,action_769,6.25
problem0041,4,8,1,2,2,8,8,minimax,2521522,action_334,1.0
problem0041,4,8,1,2,2,8,8,mcts,10555,action_769,7.0
problem0041,4,8,1,2,2,8,8,minimax,2533029,action_334,1.0
problem0041,4,8,1,2,2,8,8,mcts,10331,action_100,8.5
problem0041,4,8,1,2,2,8,8,minimax,2527273,action_321,1.0
problem0041,4,8,1,2,2,8,8,mcts,10209,action_681,5.25
problem0041,4,8,1,2,2,8,10,minimax,17099947,action_100,1.0
problem0041,4,8,1,2,2,8,10,mcts,14089,action_541,9.25
problem0041,4,8,1,2,2,8,10,minimax,17175228,action_334,1.0
problem0041,4,8,1,2,2,8,10,mcts,12894,action_681,6.75
problem0041,4,8,1,2,2,8,10,minimax,17121996,action_321,1.0
problem0041,4,8,1,2,2,8,10,mcts,13118,action_681,6.75
problem0041,4,8,1,2,2,8,10,minimax,17100310,action_334,1.0
problem0041,4,8,1,2,2,8,10,mcts,13112,action_100,11.25
problem0041,4,8,1,2,2,8,10,minimax,17073947,action_100,1.0
problem0041,4,8,1,2,2,8,10,mcts,13135,action_148,7.0
