Dataset,LanguageSize,NumConditionActionRules,EffectSize,NumOfRules,RuleSize,GoalSize,SearchDepth,Algorithm,Time,Decision,DecisionValue
problem0074,6,10,1,3,2,7,2,minimax,3669,action_525,0.6666666666666666
problem0074,6,10,1,3,2,7,2,mcts,3721,action_105,0.5
problem0074,6,10,1,3,2,7,2,minimax,3481,action_784,0.6666666666666666
problem0074,6,10,1,3,2,7,2,mcts,3748,action_525,0.6666666666666666
problem0074,6,10,1,3,2,7,2,minimax,3656,action_784,0.6666666666666666
problem0074,6,10,1,3,2,7,2,mcts,3633,action_171,1.0
problem0074,6,10,1,3,2,7,2,minimax,3606,action_525,0.6666666666666666
problem0074,6,10,1,3,2,7,2,mcts,3850,action_945,2.5
problem0074,6,10,1,3,2,7,2,minimax,3639,action_784,0.6666666666666666
problem0074,6,10,1,3,2,7,2,mcts,3600,action_525,0.6666666666666666
problem0074,6,10,1,3,2,7,4,minimax,65729,action_784,0.6666666666666666
problem0074,6,10,1,3,2,7,4,mcts,9130,action_821,2.3333333333333335
problem0074,6,10,1,3,2,7,4,minimax,66035,action_784,0.6666666666666666
problem0074,6,10,1,3,2,7,4,mcts,9071,action_291,1.5
problem0074,6,10,1,3,2,7,4,minimax,65095,action_532,0.6666666666666666
problem0074,6,10,1,3,2,7,4,mcts,8733,action_784,1.3333333333333333
problem0074,6,10,1,3,2,7,4,minimax,65607,action_784,0.6666666666666666
problem0074,6,10,1,3,2,7,4,mcts,8872,action_945,4.333333333333334
problem0074,6,10,1,3,2,7,4,minimax,65889,action_784,0.6666666666666666
problem0074,6,10,1,3,2,7,4,mcts,9205,action_784,0.6666666666666666
problem0074,6,10,1,3,2,7,6,minimax,875347,action_784,0.8333333333333334
problem0074,6,10,1,3,2,7,6,mcts,13228,action_171,2.3333333333333335
problem0074,6,10,1,3,2,7,6,minimax,881278,action_784,0.8333333333333334
problem0074,6,10,1,3,2,7,6,mcts,13247,action_945,5.166666666666667
problem0074,6,10,1,3,2,7,6,minimax,878031,action_532,0.8333333333333334
problem0074,6,10,1,3,2,7,6,mcts,13227,action_171,3.3333333333333335
problem0074,6,10,1,3,2,7,6,minimax,876902,action_525,0.8333333333333334
problem0074,6,10,1,3,2,7,6,mcts,12296,action_784,5.666666666666666
problem0074,6,10,1,3,2,7,6,minimax,882686,action_821,0.8333333333333334
problem0074,6,10,1,3,2,7,6,mcts,13121,action_525,2.1666666666666665
problem0074,6,10,1,3,2,7,8,minimax,19993670,action_784,0.8333333333333334
problem0074,6,10,1,3,2,7,8,mcts,17220,action_532,3.3333333333333335
problem0074,6,10,1,3,2,7,8,minimax,19466159,action_532,0.8333333333333334
problem0074,6,10,1,3,2,7,8,mcts,17404,action_532,2.8333333333333335
problem0074,6,10,1,3,2,7,8,minimax,19433219,action_784,0.8333333333333334
problem0074,6,10,1,3,2,7,8,mcts,17394,action_171,4.5
problem0074,6,10,1,3,2,7,8,minimax,26543863,action_821,0.8333333333333334
problem0074,6,10,1,3,2,7,8,mcts,32034,action_821,3.8333333333333335
problem0074,6,10,1,3,2,7,8,minimax,38459980,action_784,0.8333333333333334
problem0074,6,10,1,3,2,7,8,mcts,31805,action_784,11.666666666666664
