Dataset,LanguageSize,NumConditionActionRules,EffectSize,NumOfRules,RuleSize,GoalSize,SearchDepth,Algorithm,Time,Decision,DecisionValue
problem0030,4,2,1,2,2,6,2,minimax,923,action_161,0.25
problem0030,4,2,1,2,2,6,2,mcts,925,action_161,2.0
problem0030,4,2,1,2,2,6,2,minimax,945,action_161,0.25
problem0030,4,2,1,2,2,6,2,mcts,914,action_979,3.5
problem0030,4,2,1,2,2,6,2,minimax,906,action_161,0.25
problem0030,4,2,1,2,2,6,2,mcts,943,action_161,2.0
problem0030,4,2,1,2,2,6,2,minimax,977,action_161,0.25
problem0030,4,2,1,2,2,6,2,mcts,848,action_161,3.75
problem0030,4,2,1,2,2,6,2,minimax,887,action_979,0.25
problem0030,4,2,1,2,2,6,2,mcts,857,action_979,2.75
problem0030,4,2,1,2,2,6,4,minimax,8775,action_979,0.5
problem0030,4,2,1,2,2,6,4,mcts,2001,action_979,6.75
problem0030,4,2,1,2,2,6,4,minimax,8909,action_979,0.5
problem0030,4,2,1,2,2,6,4,mcts,1775,action_979,10.0
problem0030,4,2,1,2,2,6,4,minimax,8804,action_979,0.5
problem0030,4,2,1,2,2,6,4,mcts,1872,action_161,5.5
problem0030,4,2,1,2,2,6,4,minimax,8846,action_979,0.5
problem0030,4,2,1,2,2,6,4,mcts,1805,action_979,4.75
problem0030,4,2,1,2,2,6,4,minimax,8537,action_979,0.5
problem0030,4,2,1,2,2,6,4,mcts,1948,action_979,7.5
problem0030,4,2,1,2,2,6,6,minimax,49553,action_161,0.5
problem0030,4,2,1,2,2,6,6,mcts,3154,action_979,9.75
problem0030,4,2,1,2,2,6,6,minimax,48761,action_979,0.5
problem0030,4,2,1,2,2,6,6,mcts,3067,action_161,10.5
problem0030,4,2,1,2,2,6,6,minimax,48812,action_979,0.5
problem0030,4,2,1,2,2,6,6,mcts,3332,action_161,10.5
problem0030,4,2,1,2,2,6,6,minimax,49994,action_161,0.5
problem0030,4,2,1,2,2,6,6,mcts,3047,action_161,9.75
problem0030,4,2,1,2,2,6,6,minimax,49765,action_161,0.5
problem0030,4,2,1,2,2,6,6,mcts,2795,action_161,11.75
problem0030,4,2,1,2,2,6,8,minimax,322766,action_161,0.5
problem0030,4,2,1,2,2,6,8,mcts,4472,action_161,16.25
problem0030,4,2,1,2,2,6,8,minimax,325349,action_161,0.5
problem0030,4,2,1,2,2,6,8,mcts,4007,action_161,10.25
problem0030,4,2,1,2,2,6,8,minimax,325623,action_161,0.5
problem0030,4,2,1,2,2,6,8,mcts,4099,action_161,11.5
problem0030,4,2,1,2,2,6,8,minimax,322772,action_979,0.5
problem0030,4,2,1,2,2,6,8,mcts,4211,action_979,15.75
problem0030,4,2,1,2,2,6,8,minimax,327115,action_161,0.5
problem0030,4,2,1,2,2,6,8,mcts,3828,action_161,20.0
problem0030,4,2,1,2,2,6,10,minimax,2287903,action_161,0.5
problem0030,4,2,1,2,2,6,10,mcts,5143,action_979,14.5
problem0030,4,2,1,2,2,6,10,minimax,2259274,action_979,0.5
problem0030,4,2,1,2,2,6,10,mcts,4663,action_979,22.0
problem0030,4,2,1,2,2,6,10,minimax,2255736,action_161,0.5
problem0030,4,2,1,2,2,6,10,mcts,5003,action_161,15.25
problem0030,4,2,1,2,2,6,10,minimax,2254431,action_161,0.5
problem0030,4,2,1,2,2,6,10,mcts,4706,action_979,14.25
problem0030,4,2,1,2,2,6,10,minimax,2256873,action_161,0.5
problem0030,4,2,1,2,2,6,10,mcts,5165,action_979,18.0
