Dataset,LanguageSize,NumConditionActionRules,EffectSize,NumOfRules,RuleSize,GoalSize,SearchDepth,Algorithm,Time,Decision,DecisionValue
problem0075,6,10,1,3,2,3,2,minimax,1815,action_210,0.3333333333333333
problem0075,6,10,1,3,2,3,2,mcts,1890,action_788,1.0
problem0075,6,10,1,3,2,3,2,minimax,1883,action_788,0.3333333333333333
problem0075,6,10,1,3,2,3,2,mcts,1861,action_15,0.8333333333333333
problem0075,6,10,1,3,2,3,2,minimax,1793,action_788,0.3333333333333333
problem0075,6,10,1,3,2,3,2,mcts,1850,action_576,0.5
problem0075,6,10,1,3,2,3,2,minimax,1793,action_179,0.3333333333333333
problem0075,6,10,1,3,2,3,2,mcts,1875,action_788,0.3333333333333333
problem0075,6,10,1,3,2,3,2,minimax,1809,action_179,0.3333333333333333
problem0075,6,10,1,3,2,3,2,mcts,1719,action_15,0.8333333333333333
problem0075,6,10,1,3,2,3,4,minimax,36251,action_179,0.3333333333333333
problem0075,6,10,1,3,2,3,4,mcts,5012,action_788,2.333333333333333
problem0075,6,10,1,3,2,3,4,minimax,35700,action_576,0.3333333333333333
problem0075,6,10,1,3,2,3,4,mcts,4821,action_210,1.833333333333333
problem0075,6,10,1,3,2,3,4,minimax,36001,action_179,0.3333333333333333
problem0075,6,10,1,3,2,3,4,mcts,4850,action_179,1.4999999999999998
problem0075,6,10,1,3,2,3,4,minimax,35359,action_179,0.3333333333333333
problem0075,6,10,1,3,2,3,4,mcts,4920,action_70,1.3333333333333333
problem0075,6,10,1,3,2,3,4,minimax,36101,action_179,0.3333333333333333
problem0075,6,10,1,3,2,3,4,mcts,4998,action_260,1.4999999999999998
problem0075,6,10,1,3,2,3,6,minimax,468688,action_179,0.5
problem0075,6,10,1,3,2,3,6,mcts,7324,action_210,1.4999999999999998
problem0075,6,10,1,3,2,3,6,minimax,465614,action_210,0.5
problem0075,6,10,1,3,2,3,6,mcts,7334,action_70,2.9999999999999996
problem0075,6,10,1,3,2,3,6,minimax,461919,action_179,0.5
problem0075,6,10,1,3,2,3,6,mcts,7024,action_788,3.333333333333333
problem0075,6,10,1,3,2,3,6,minimax,457624,action_179,0.5
problem0075,6,10,1,3,2,3,6,mcts,7395,action_811,2.9999999999999996
problem0075,6,10,1,3,2,3,6,minimax,480272,action_576,0.5
problem0075,6,10,1,3,2,3,6,mcts,7215,action_576,3.1666666666666665
problem0075,6,10,1,3,2,3,8,minimax,5152311,action_179,0.5
problem0075,6,10,1,3,2,3,8,mcts,10009,action_15,1.6666666666666665
problem0075,6,10,1,3,2,3,8,minimax,4988054,action_15,0.5
problem0075,6,10,1,3,2,3,8,mcts,9577,action_210,6.833333333333333
problem0075,6,10,1,3,2,3,8,minimax,4874656,action_15,0.5
problem0075,6,10,1,3,2,3,8,mcts,9544,action_210,2.833333333333333
problem0075,6,10,1,3,2,3,8,minimax,4922720,action_179,0.5
problem0075,6,10,1,3,2,3,8,mcts,9688,action_15,5.833333333333333
problem0075,6,10,1,3,2,3,8,minimax,5948015,action_179,0.5
problem0075,6,10,1,3,2,3,8,mcts,19057,action_260,3.5
