Dataset,LanguageSize,NumConditionActionRules,EffectSize,NumOfRules,RuleSize,GoalSize,SearchDepth,Algorithm,Time,Decision,DecisionValue
problem0012,2,6,1,1,2,3,2,minimax,156,action_591,1.0
problem0012,2,6,1,1,2,3,2,mcts,277,action_896,1.0
problem0012,2,6,1,1,2,3,2,minimax,210,action_591,1.0
problem0012,2,6,1,1,2,3,2,mcts,162,action_152,1.0
problem0012,2,6,1,1,2,3,2,minimax,234,action_591,1.0
problem0012,2,6,1,1,2,3,2,mcts,197,action_591,1.0
problem0012,2,6,1,1,2,3,2,minimax,266,action_896,1.0
problem0012,2,6,1,1,2,3,2,mcts,196,action_597,1.5
problem0012,2,6,1,1,2,3,2,minimax,201,action_591,1.0
problem0012,2,6,1,1,2,3,2,mcts,342,action_924,0.5
problem0012,2,6,1,1,2,3,4,minimax,1050,action_243,1.0
problem0012,2,6,1,1,2,3,4,mcts,364,action_597,2.5
problem0012,2,6,1,1,2,3,4,minimax,957,action_597,1.0
problem0012,2,6,1,1,2,3,4,mcts,237,action_152,2.0
problem0012,2,6,1,1,2,3,4,minimax,920,action_597,1.0
problem0012,2,6,1,1,2,3,4,mcts,398,action_896,2.0
problem0012,2,6,1,1,2,3,4,minimax,868,action_243,1.0
problem0012,2,6,1,1,2,3,4,mcts,451,action_924,2.5
problem0012,2,6,1,1,2,3,4,minimax,886,action_597,1.0
problem0012,2,6,1,1,2,3,4,mcts,445,action_597,4.5
problem0012,2,6,1,1,2,3,6,minimax,3148,action_597,1.0
problem0012,2,6,1,1,2,3,6,mcts,688,action_152,3.0
problem0012,2,6,1,1,2,3,6,minimax,3332,action_597,1.0
problem0012,2,6,1,1,2,3,6,mcts,466,action_591,6.0
problem0012,2,6,1,1,2,3,6,minimax,3189,action_597,1.0
problem0012,2,6,1,1,2,3,6,mcts,529,action_243,8.5
problem0012,2,6,1,1,2,3,6,minimax,3026,action_597,1.0
problem0012,2,6,1,1,2,3,6,mcts,509,action_591,9.0
problem0012,2,6,1,1,2,3,6,minimax,3200,action_597,1.0
problem0012,2,6,1,1,2,3,6,mcts,600,action_896,6.0
problem0012,2,6,1,1,2,3,8,minimax,10166,action_896,1.0
problem0012,2,6,1,1,2,3,8,mcts,639,action_896,5.0
problem0012,2,6,1,1,2,3,8,minimax,10022,action_597,1.0
problem0012,2,6,1,1,2,3,8,mcts,487,action_152,8.0
problem0012,2,6,1,1,2,3,8,minimax,9813,action_597,1.0
problem0012,2,6,1,1,2,3,8,mcts,735,action_243,7.5
problem0012,2,6,1,1,2,3,8,minimax,9874,action_591,1.0
problem0012,2,6,1,1,2,3,8,mcts,805,action_152,5.5
problem0012,2,6,1,1,2,3,8,minimax,9867,action_243,1.0
problem0012,2,6,1,1,2,3,8,mcts,547,action_597,9.5
problem0012,2,6,1,1,2,3,10,minimax,30045,action_243,1.0
problem0012,2,6,1,1,2,3,10,mcts,683,action_152,5.5
problem0012,2,6,1,1,2,3,10,minimax,31562,action_597,1.0
problem0012,2,6,1,1,2,3,10,mcts,913,action_597,7.0
problem0012,2,6,1,1,2,3,10,minimax,32847,action_243,1.0
problem0012,2,6,1,1,2,3,10,mcts,823,action_924,5.5
problem0012,2,6,1,1,2,3,10,minimax,32569,action_597,1.0
problem0012,2,6,1,1,2,3,10,mcts,870,action_597,9.5
problem0012,2,6,1,1,2,3,10,minimax,32692,action_896,1.0
problem0012,2,6,1,1,2,3,10,mcts,834,action_924,8.5
