Dataset,LanguageSize,NumConditionActionRules,EffectSize,NumOfRules,RuleSize,GoalSize,SearchDepth,Algorithm,Time,Decision,DecisionValue
problem0011,2,6,1,1,2,4,2,minimax,175,action_565,1.0
problem0011,2,6,1,1,2,4,2,mcts,219,action_875,2.0
problem0011,2,6,1,1,2,4,2,minimax,233,action_771,1.0
problem0011,2,6,1,1,2,4,2,mcts,240,action_693,1.5
problem0011,2,6,1,1,2,4,2,minimax,258,action_565,1.0
problem0011,2,6,1,1,2,4,2,mcts,290,action_771,2.0
problem0011,2,6,1,1,2,4,2,minimax,220,action_565,1.0
problem0011,2,6,1,1,2,4,2,mcts,257,action_565,1.0
problem0011,2,6,1,1,2,4,2,minimax,283,action_565,1.0
problem0011,2,6,1,1,2,4,2,mcts,225,action_838,0.5
problem0011,2,6,1,1,2,4,4,minimax,598,action_565,1.0
problem0011,2,6,1,1,2,4,4,mcts,599,action_693,4.0
problem0011,2,6,1,1,2,4,4,minimax,406,action_771,1.0
problem0011,2,6,1,1,2,4,4,mcts,605,action_693,3.0
problem0011,2,6,1,1,2,4,4,minimax,444,action_771,1.0
problem0011,2,6,1,1,2,4,4,mcts,632,action_565,4.0
problem0011,2,6,1,1,2,4,4,minimax,441,action_565,1.0
problem0011,2,6,1,1,2,4,4,mcts,590,action_514,1.5
problem0011,2,6,1,1,2,4,4,minimax,496,action_875,1.0
problem0011,2,6,1,1,2,4,4,mcts,491,action_838,1.5
problem0011,2,6,1,1,2,4,6,minimax,944,action_565,1.0
problem0011,2,6,1,1,2,4,6,mcts,473,action_838,4.5
problem0011,2,6,1,1,2,4,6,minimax,1006,action_565,1.0
problem0011,2,6,1,1,2,4,6,mcts,783,action_514,8.0
problem0011,2,6,1,1,2,4,6,minimax,1084,action_514,1.0
problem0011,2,6,1,1,2,4,6,mcts,774,action_565,7.0
problem0011,2,6,1,1,2,4,6,minimax,946,action_875,1.0
problem0011,2,6,1,1,2,4,6,mcts,661,action_565,5.0
problem0011,2,6,1,1,2,4,6,minimax,892,action_565,1.0
problem0011,2,6,1,1,2,4,6,mcts,722,action_565,4.0
problem0011,2,6,1,1,2,4,8,minimax,1790,action_514,1.0
problem0011,2,6,1,1,2,4,8,mcts,633,action_875,10.0
problem0011,2,6,1,1,2,4,8,minimax,1838,action_771,1.0
problem0011,2,6,1,1,2,4,8,mcts,670,action_838,6.5
problem0011,2,6,1,1,2,4,8,minimax,1871,action_565,1.0
problem0011,2,6,1,1,2,4,8,mcts,883,action_514,5.0
problem0011,2,6,1,1,2,4,8,minimax,1780,action_875,1.0
problem0011,2,6,1,1,2,4,8,mcts,790,action_771,6.0
problem0011,2,6,1,1,2,4,8,minimax,1952,action_771,1.0
problem0011,2,6,1,1,2,4,8,mcts,674,action_875,7.0
problem0011,2,6,1,1,2,4,10,minimax,3946,action_565,1.0
problem0011,2,6,1,1,2,4,10,mcts,953,action_771,7.0
problem0011,2,6,1,1,2,4,10,minimax,3901,action_565,1.0
problem0011,2,6,1,1,2,4,10,mcts,801,action_514,5.0
problem0011,2,6,1,1,2,4,10,minimax,3963,action_771,1.0
problem0011,2,6,1,1,2,4,10,mcts,921,action_693,14.0
problem0011,2,6,1,1,2,4,10,minimax,3831,action_565,1.0
problem0011,2,6,1,1,2,4,10,mcts,893,action_838,10.5
problem0011,2,6,1,1,2,4,10,minimax,3980,action_771,1.0
problem0011,2,6,1,1,2,4,10,mcts,837,action_514,9.0
