Dataset,LanguageSize,NumConditionActionRules,EffectSize,NumOfRules,RuleSize,GoalSize,SearchDepth,Algorithm,Time,Decision,DecisionValue
problem0027,4,2,1,2,2,9,2,minimax,1294,action_809,0.25
problem0027,4,2,1,2,2,9,2,mcts,1260,action_809,1.5
problem0027,4,2,1,2,2,9,2,minimax,1401,action_266,0.25
problem0027,4,2,1,2,2,9,2,mcts,1466,action_266,2.25
problem0027,4,2,1,2,2,9,2,minimax,1311,action_809,0.25
problem0027,4,2,1,2,2,9,2,mcts,1456,action_809,3.25
problem0027,4,2,1,2,2,9,2,minimax,1395,action_266,0.25
problem0027,4,2,1,2,2,9,2,mcts,1316,action_809,3.75
problem0027,4,2,1,2,2,9,2,minimax,1286,action_809,0.25
problem0027,4,2,1,2,2,9,2,mcts,1557,action_266,2.5
problem0027,4,2,1,2,2,9,4,minimax,11809,action_809,0.5
problem0027,4,2,1,2,2,9,4,mcts,2839,action_266,8.5
problem0027,4,2,1,2,2,9,4,minimax,11879,action_266,0.5
problem0027,4,2,1,2,2,9,4,mcts,2950,action_809,5.5
problem0027,4,2,1,2,2,9,4,minimax,11921,action_809,0.5
problem0027,4,2,1,2,2,9,4,mcts,3226,action_266,5.75
problem0027,4,2,1,2,2,9,4,minimax,12924,action_266,0.5
problem0027,4,2,1,2,2,9,4,mcts,3119,action_266,6.75
problem0027,4,2,1,2,2,9,4,minimax,13084,action_266,0.5
problem0027,4,2,1,2,2,9,4,mcts,3282,action_809,4.75
problem0027,4,2,1,2,2,9,6,minimax,77594,action_266,0.5
problem0027,4,2,1,2,2,9,6,mcts,5095,action_266,14.0
problem0027,4,2,1,2,2,9,6,minimax,77553,action_809,0.5
problem0027,4,2,1,2,2,9,6,mcts,4927,action_809,11.5
problem0027,4,2,1,2,2,9,6,minimax,77186,action_809,0.5
problem0027,4,2,1,2,2,9,6,mcts,4854,action_266,13.5
problem0027,4,2,1,2,2,9,6,minimax,75912,action_266,0.5
problem0027,4,2,1,2,2,9,6,mcts,5405,action_809,10.0
problem0027,4,2,1,2,2,9,6,minimax,77254,action_809,0.5
problem0027,4,2,1,2,2,9,6,mcts,5119,action_266,5.0
problem0027,4,2,1,2,2,9,8,minimax,478813,action_266,0.5
problem0027,4,2,1,2,2,9,8,mcts,6499,action_809,9.0
problem0027,4,2,1,2,2,9,8,minimax,481976,action_809,0.5
problem0027,4,2,1,2,2,9,8,mcts,6399,action_809,9.5
problem0027,4,2,1,2,2,9,8,minimax,476313,action_809,0.5
problem0027,4,2,1,2,2,9,8,mcts,7228,action_266,13.75
problem0027,4,2,1,2,2,9,8,minimax,480972,action_266,0.5
problem0027,4,2,1,2,2,9,8,mcts,7321,action_809,15.25
problem0027,4,2,1,2,2,9,8,minimax,486341,action_809,0.5
problem0027,4,2,1,2,2,9,8,mcts,7058,action_809,15.75
problem0027,4,2,1,2,2,9,10,minimax,3256603,action_809,0.5
problem0027,4,2,1,2,2,9,10,mcts,8399,action_809,15.0
problem0027,4,2,1,2,2,9,10,minimax,3068502,action_809,0.5
problem0027,4,2,1,2,2,9,10,mcts,7922,action_266,21.5
problem0027,4,2,1,2,2,9,10,minimax,3050878,action_266,0.5
problem0027,4,2,1,2,2,9,10,mcts,7820,action_266,17.5
problem0027,4,2,1,2,2,9,10,minimax,3037907,action_809,0.5
problem0027,4,2,1,2,2,9,10,mcts,8794,action_266,14.75
problem0027,4,2,1,2,2,9,10,minimax,3046406,action_809,0.5
problem0027,4,2,1,2,2,9,10,mcts,8156,action_809,16.75
