Dataset,LanguageSize,NumConditionActionRules,EffectSize,NumOfRules,RuleSize,GoalSize,SearchDepth,Algorithm,Time,Decision,DecisionValue
problem0043,4,8,1,2,2,8,2,minimax,3959,action_852,0.25
problem0043,4,8,1,2,2,8,2,mcts,2615,action_632,0.5
problem0043,4,8,1,2,2,8,2,minimax,4145,action_632,0.25
problem0043,4,8,1,2,2,8,2,mcts,2418,action_378,1.25
problem0043,4,8,1,2,2,8,2,minimax,4013,action_378,0.25
problem0043,4,8,1,2,2,8,2,mcts,2602,action_410,1.25
problem0043,4,8,1,2,2,8,2,minimax,3903,action_410,0.25
problem0043,4,8,1,2,2,8,2,mcts,2461,action_632,1.75
problem0043,4,8,1,2,2,8,2,minimax,4133,action_378,0.25
problem0043,4,8,1,2,2,8,2,mcts,2526,action_378,0.5
problem0043,4,8,1,2,2,8,4,minimax,49840,action_852,0.5
problem0043,4,8,1,2,2,8,4,mcts,6430,action_912,2.0
problem0043,4,8,1,2,2,8,4,minimax,49673,action_946,0.5
problem0043,4,8,1,2,2,8,4,mcts,6331,action_852,3.0
problem0043,4,8,1,2,2,8,4,minimax,50226,action_942,0.5
problem0043,4,8,1,2,2,8,4,mcts,6557,action_946,1.75
problem0043,4,8,1,2,2,8,4,minimax,50344,action_378,0.5
problem0043,4,8,1,2,2,8,4,mcts,6515,action_946,1.5
problem0043,4,8,1,2,2,8,4,minimax,50217,action_410,0.5
problem0043,4,8,1,2,2,8,4,mcts,6279,action_942,1.5
problem0043,4,8,1,2,2,8,6,minimax,720328,action_410,0.5
problem0043,4,8,1,2,2,8,6,mcts,9134,action_912,3.0
problem0043,4,8,1,2,2,8,6,minimax,723357,action_852,0.5
problem0043,4,8,1,2,2,8,6,mcts,9852,action_942,2.5
problem0043,4,8,1,2,2,8,6,minimax,726860,action_410,0.5
problem0043,4,8,1,2,2,8,6,mcts,9604,action_852,5.0
problem0043,4,8,1,2,2,8,6,minimax,730991,action_410,0.5
problem0043,4,8,1,2,2,8,6,mcts,9760,action_946,2.25
problem0043,4,8,1,2,2,8,6,minimax,735736,action_410,0.5
problem0043,4,8,1,2,2,8,6,mcts,9402,action_410,2.0
problem0043,4,8,1,2,2,8,8,minimax,8381252,action_413,0.5
problem0043,4,8,1,2,2,8,8,mcts,13017,action_378,4.5
problem0043,4,8,1,2,2,8,8,minimax,8271875,action_410,0.5
problem0043,4,8,1,2,2,8,8,mcts,12412,action_410,3.75
problem0043,4,8,1,2,2,8,8,minimax,8447019,action_378,0.5
problem0043,4,8,1,2,2,8,8,mcts,12550,action_912,4.25
problem0043,4,8,1,2,2,8,8,minimax,8398057,action_378,0.5
problem0043,4,8,1,2,2,8,8,mcts,12780,action_378,4.0
problem0043,4,8,1,2,2,8,8,minimax,8407728,action_410,0.5
problem0043,4,8,1,2,2,8,8,mcts,13259,action_852,6.25
problem0043,4,8,1,2,2,8,10,minimax,95339812,action_410,0.5
problem0043,4,8,1,2,2,8,10,mcts,15673,action_852,7.0
problem0043,4,8,1,2,2,8,10,minimax,95520474,action_378,0.5
problem0043,4,8,1,2,2,8,10,mcts,15411,action_378,6.0
problem0043,4,8,1,2,2,8,10,minimax,94507809,action_410,0.5
problem0043,4,8,1,2,2,8,10,mcts,15298,action_912,5.75
problem0043,4,8,1,2,2,8,10,minimax,94172985,action_410,0.5
problem0043,4,8,1,2,2,8,10,mcts,15421,action_942,7.5
problem0043,4,8,1,2,2,8,10,minimax,95000851,action_410,0.5
problem0043,4,8,1,2,2,8,10,mcts,15896,action_852,5.75
