Dataset,LanguageSize,NumConditionActionRules,EffectSize,NumOfRules,RuleSize,GoalSize,SearchDepth,Algorithm,Time,Decision,DecisionValue
problem0048,4,10,1,2,2,8,2,minimax,4398,action_255,0.5
problem0048,4,10,1,2,2,8,2,mcts,2847,action_597,1.5
problem0048,4,10,1,2,2,8,2,minimax,4307,action_597,0.5
problem0048,4,10,1,2,2,8,2,mcts,2899,action_518,1.5
problem0048,4,10,1,2,2,8,2,minimax,4582,action_755,0.5
problem0048,4,10,1,2,2,8,2,mcts,2981,action_349,1.0
problem0048,4,10,1,2,2,8,2,minimax,4493,action_255,0.5
problem0048,4,10,1,2,2,8,2,mcts,2909,action_349,1.0
problem0048,4,10,1,2,2,8,2,minimax,4601,action_349,0.5
problem0048,4,10,1,2,2,8,2,mcts,2976,action_366,1.5
problem0048,4,10,1,2,2,8,4,minimax,59188,action_349,0.75
problem0048,4,10,1,2,2,8,4,mcts,7690,action_755,1.5
problem0048,4,10,1,2,2,8,4,minimax,58597,action_366,0.75
problem0048,4,10,1,2,2,8,4,mcts,7661,action_255,3.5
problem0048,4,10,1,2,2,8,4,minimax,58258,action_597,0.75
problem0048,4,10,1,2,2,8,4,mcts,7664,action_255,3.5
problem0048,4,10,1,2,2,8,4,minimax,59169,action_255,0.75
problem0048,4,10,1,2,2,8,4,mcts,7782,action_260,1.75
problem0048,4,10,1,2,2,8,4,minimax,58995,action_234,0.75
problem0048,4,10,1,2,2,8,4,mcts,7825,action_234,3.0
problem0048,4,10,1,2,2,8,6,minimax,288209,action_366,1.0
problem0048,4,10,1,2,2,8,6,mcts,11793,action_255,3.5
problem0048,4,10,1,2,2,8,6,minimax,288678,action_234,1.0
problem0048,4,10,1,2,2,8,6,mcts,11879,action_755,3.25
problem0048,4,10,1,2,2,8,6,minimax,288934,action_234,1.0
problem0048,4,10,1,2,2,8,6,mcts,12016,action_741,3.75
problem0048,4,10,1,2,2,8,6,minimax,289515,action_366,1.0
problem0048,4,10,1,2,2,8,6,mcts,12158,action_755,2.75
problem0048,4,10,1,2,2,8,6,minimax,289245,action_741,1.0
problem0048,4,10,1,2,2,8,6,mcts,11996,action_234,3.0
problem0048,4,10,1,2,2,8,8,minimax,2127530,action_366,1.0
problem0048,4,10,1,2,2,8,8,mcts,16246,action_349,5.75
problem0048,4,10,1,2,2,8,8,minimax,2139228,action_234,1.0
problem0048,4,10,1,2,2,8,8,mcts,15772,action_260,5.0
problem0048,4,10,1,2,2,8,8,minimax,2108285,action_234,1.0
problem0048,4,10,1,2,2,8,8,mcts,15428,action_366,5.25
problem0048,4,10,1,2,2,8,8,minimax,2115434,action_234,1.0
problem0048,4,10,1,2,2,8,8,mcts,15581,action_755,4.5
problem0048,4,10,1,2,2,8,8,minimax,2193051,action_234,1.0
problem0048,4,10,1,2,2,8,8,mcts,15603,action_263,5.0
problem0048,4,10,1,2,2,8,10,minimax,15425277,action_366,1.0
problem0048,4,10,1,2,2,8,10,mcts,19307,action_518,6.5
problem0048,4,10,1,2,2,8,10,minimax,15338131,action_234,1.0
problem0048,4,10,1,2,2,8,10,mcts,19039,action_741,6.25
problem0048,4,10,1,2,2,8,10,minimax,15333731,action_366,1.0
problem0048,4,10,1,2,2,8,10,mcts,20194,action_255,7.25
problem0048,4,10,1,2,2,8,10,minimax,15307766,action_234,1.0
problem0048,4,10,1,2,2,8,10,mcts,19193,action_234,9.75
problem0048,4,10,1,2,2,8,10,minimax,15280133,action_366,1.0
problem0048,4,10,1,2,2,8,10,mcts,20060,action_518,5.75
