Dataset,LanguageSize,NumConditionActionRules,EffectSize,NumOfRules,RuleSize,GoalSize,SearchDepth,Algorithm,Time,Decision,DecisionValue
problem0008,2,4,1,1,2,4,2,minimax,126,action_315,1.0
problem0008,2,4,1,1,2,4,2,mcts,363,action_462,1.0
problem0008,2,4,1,1,2,4,2,minimax,354,action_315,1.0
problem0008,2,4,1,1,2,4,2,mcts,374,action_882,5.0
problem0008,2,4,1,1,2,4,2,minimax,173,action_882,1.0
problem0008,2,4,1,1,2,4,2,mcts,236,action_59,0.5
problem0008,2,4,1,1,2,4,2,minimax,219,action_462,1.0
problem0008,2,4,1,1,2,4,2,mcts,173,action_315,2.0
problem0008,2,4,1,1,2,4,2,minimax,97,action_462,1.0
problem0008,2,4,1,1,2,4,2,mcts,191,action_315,1.0
problem0008,2,4,1,1,2,4,4,minimax,165,action_315,1.0
problem0008,2,4,1,1,2,4,4,mcts,286,action_59,3.5
problem0008,2,4,1,1,2,4,4,minimax,217,action_59,1.0
problem0008,2,4,1,1,2,4,4,mcts,185,action_315,4.0
problem0008,2,4,1,1,2,4,4,minimax,144,action_882,1.0
problem0008,2,4,1,1,2,4,4,mcts,243,action_882,6.0
problem0008,2,4,1,1,2,4,4,minimax,249,action_882,1.0
problem0008,2,4,1,1,2,4,4,mcts,248,action_59,3.5
problem0008,2,4,1,1,2,4,4,minimax,166,action_882,1.0
problem0008,2,4,1,1,2,4,4,mcts,280,action_882,5.0
problem0008,2,4,1,1,2,4,6,minimax,229,action_882,1.0
problem0008,2,4,1,1,2,4,6,mcts,310,action_59,5.5
problem0008,2,4,1,1,2,4,6,minimax,308,action_882,1.0
problem0008,2,4,1,1,2,4,6,mcts,436,action_462,9.0
problem0008,2,4,1,1,2,4,6,minimax,243,action_315,1.0
problem0008,2,4,1,1,2,4,6,mcts,229,action_882,8.0
problem0008,2,4,1,1,2,4,6,minimax,228,action_882,1.0
problem0008,2,4,1,1,2,4,6,mcts,331,action_59,5.5
problem0008,2,4,1,1,2,4,6,minimax,256,action_882,1.0
problem0008,2,4,1,1,2,4,6,mcts,258,action_59,7.5
problem0008,2,4,1,1,2,4,8,minimax,312,action_462,1.0
problem0008,2,4,1,1,2,4,8,mcts,506,action_315,9.0
problem0008,2,4,1,1,2,4,8,minimax,259,action_882,1.0
problem0008,2,4,1,1,2,4,8,mcts,392,action_882,10.0
problem0008,2,4,1,1,2,4,8,minimax,262,action_315,1.0
problem0008,2,4,1,1,2,4,8,mcts,395,action_462,12.0
problem0008,2,4,1,1,2,4,8,minimax,297,action_462,1.0
problem0008,2,4,1,1,2,4,8,mcts,428,action_315,11.0
problem0008,2,4,1,1,2,4,8,minimax,238,action_59,1.0
problem0008,2,4,1,1,2,4,8,mcts,388,action_882,10.0
problem0008,2,4,1,1,2,4,10,minimax,371,action_315,1.0
problem0008,2,4,1,1,2,4,10,mcts,314,action_315,9.0
problem0008,2,4,1,1,2,4,10,minimax,378,action_315,1.0
problem0008,2,4,1,1,2,4,10,mcts,469,action_882,8.0
problem0008,2,4,1,1,2,4,10,minimax,297,action_462,1.0
problem0008,2,4,1,1,2,4,10,mcts,505,action_59,7.5
problem0008,2,4,1,1,2,4,10,minimax,312,action_882,1.0
problem0008,2,4,1,1,2,4,10,mcts,514,action_882,9.0
problem0008,2,4,1,1,2,4,10,minimax,393,action_882,1.0
problem0008,2,4,1,1,2,4,10,mcts,399,action_462,11.0
