Dataset,LanguageSize,NumConditionActionRules,EffectSize,NumOfRules,RuleSize,GoalSize,SearchDepth,Algorithm,Time,Decision,DecisionValue
problem0072,6,10,1,3,2,9,2,minimax,10121,action_730,0.16666666666666666
problem0072,6,10,1,3,2,9,2,mcts,5545,action_850,0.8333333333333333
problem0072,6,10,1,3,2,9,2,minimax,9815,action_932,0.16666666666666666
problem0072,6,10,1,3,2,9,2,mcts,5378,action_441,1.0
problem0072,6,10,1,3,2,9,2,minimax,9625,action_850,0.16666666666666666
problem0072,6,10,1,3,2,9,2,mcts,5632,action_451,0.6666666666666666
problem0072,6,10,1,3,2,9,2,minimax,9735,action_850,0.16666666666666666
problem0072,6,10,1,3,2,9,2,mcts,5596,action_489,0.6666666666666666
problem0072,6,10,1,3,2,9,2,minimax,9542,action_850,0.16666666666666666
problem0072,6,10,1,3,2,9,2,mcts,5356,action_441,0.5
problem0072,6,10,1,3,2,9,4,minimax,208049,action_850,0.3333333333333333
problem0072,6,10,1,3,2,9,4,mcts,12775,action_451,0.8333333333333333
problem0072,6,10,1,3,2,9,4,minimax,205588,action_850,0.3333333333333333
problem0072,6,10,1,3,2,9,4,mcts,12646,action_717,0.5
problem0072,6,10,1,3,2,9,4,minimax,207791,action_850,0.3333333333333333
problem0072,6,10,1,3,2,9,4,mcts,12841,action_451,1.3333333333333333
problem0072,6,10,1,3,2,9,4,minimax,207922,action_730,0.3333333333333333
problem0072,6,10,1,3,2,9,4,mcts,12525,action_451,0.8333333333333333
problem0072,6,10,1,3,2,9,4,minimax,209083,action_850,0.3333333333333333
problem0072,6,10,1,3,2,9,4,mcts,12758,action_730,2.333333333333333
problem0072,6,10,1,3,2,9,6,minimax,3208466,action_627,0.5
problem0072,6,10,1,3,2,9,6,mcts,18688,action_627,3.4999999999999996
problem0072,6,10,1,3,2,9,6,minimax,3246939,action_850,0.5
problem0072,6,10,1,3,2,9,6,mcts,19298,action_296,3.3333333333333335
problem0072,6,10,1,3,2,9,6,minimax,3141078,action_441,0.5
problem0072,6,10,1,3,2,9,6,mcts,18550,action_850,1.3333333333333333
problem0072,6,10,1,3,2,9,6,minimax,3106472,action_850,0.5
problem0072,6,10,1,3,2,9,6,mcts,19013,action_451,1.6666666666666667
problem0072,6,10,1,3,2,9,6,minimax,3278991,action_730,0.5
problem0072,6,10,1,3,2,9,6,mcts,19013,action_730,4.666666666666666
problem0072,6,10,1,3,2,9,8,minimax,30141339,action_730,0.5
problem0072,6,10,1,3,2,9,8,mcts,25228,action_489,3.333333333333333
problem0072,6,10,1,3,2,9,8,minimax,29268898,action_730,0.5
problem0072,6,10,1,3,2,9,8,mcts,25449,action_730,3.833333333333333
problem0072,6,10,1,3,2,9,8,minimax,29883463,action_730,0.5
problem0072,6,10,1,3,2,9,8,mcts,26276,action_489,7.833333333333333
problem0072,6,10,1,3,2,9,8,minimax,29979476,action_489,0.5
problem0072,6,10,1,3,2,9,8,mcts,24768,action_451,2.166666666666667
problem0072,6,10,1,3,2,9,8,minimax,35231674,action_730,0.5
problem0072,6,10,1,3,2,9,8,mcts,43801,action_129,2.5
