Dataset,LanguageSize,NumConditionActionRules,EffectSize,NumOfRules,RuleSize,GoalSize,SearchDepth,Algorithm,Time,Decision,DecisionValue
problem0014,2,6,1,1,2,4,2,minimax,175,action_616,1.0
problem0014,2,6,1,1,2,4,2,mcts,244,action_831,1.5
problem0014,2,6,1,1,2,4,2,minimax,232,action_339,1.0
problem0014,2,6,1,1,2,4,2,mcts,257,action_264,2.0
problem0014,2,6,1,1,2,4,2,minimax,151,action_28,1.0
problem0014,2,6,1,1,2,4,2,mcts,212,action_264,2.0
problem0014,2,6,1,1,2,4,2,minimax,233,action_28,1.0
problem0014,2,6,1,1,2,4,2,mcts,188,action_831,1.5
problem0014,2,6,1,1,2,4,2,minimax,250,action_28,1.0
problem0014,2,6,1,1,2,4,2,mcts,135,action_28,1.0
problem0014,2,6,1,1,2,4,4,minimax,521,action_831,1.0
problem0014,2,6,1,1,2,4,4,mcts,338,action_28,3.0
problem0014,2,6,1,1,2,4,4,minimax,494,action_28,1.0
problem0014,2,6,1,1,2,4,4,mcts,366,action_264,1.0
problem0014,2,6,1,1,2,4,4,minimax,465,action_831,1.0
problem0014,2,6,1,1,2,4,4,mcts,323,action_339,4.0
problem0014,2,6,1,1,2,4,4,minimax,506,action_28,1.0
problem0014,2,6,1,1,2,4,4,mcts,326,action_518,1.0
problem0014,2,6,1,1,2,4,4,minimax,697,action_28,1.0
problem0014,2,6,1,1,2,4,4,mcts,328,action_831,3.0
problem0014,2,6,1,1,2,4,6,minimax,1296,action_518,1.0
problem0014,2,6,1,1,2,4,6,mcts,319,action_616,3.0
problem0014,2,6,1,1,2,4,6,minimax,1259,action_28,1.0
problem0014,2,6,1,1,2,4,6,mcts,350,action_28,2.0
problem0014,2,6,1,1,2,4,6,minimax,1163,action_28,1.0
problem0014,2,6,1,1,2,4,6,mcts,428,action_831,3.0
problem0014,2,6,1,1,2,4,6,minimax,1160,action_831,1.0
problem0014,2,6,1,1,2,4,6,mcts,404,action_518,7.0
problem0014,2,6,1,1,2,4,6,minimax,1326,action_831,1.0
problem0014,2,6,1,1,2,4,6,mcts,437,action_264,3.5
problem0014,2,6,1,1,2,4,8,minimax,2716,action_616,1.0
problem0014,2,6,1,1,2,4,8,mcts,517,action_518,9.0
problem0014,2,6,1,1,2,4,8,minimax,2798,action_28,1.0
problem0014,2,6,1,1,2,4,8,mcts,577,action_831,7.5
problem0014,2,6,1,1,2,4,8,minimax,2663,action_28,1.0
problem0014,2,6,1,1,2,4,8,mcts,524,action_616,7.0
problem0014,2,6,1,1,2,4,8,minimax,2879,action_28,1.0
problem0014,2,6,1,1,2,4,8,mcts,618,action_831,5.5
problem0014,2,6,1,1,2,4,8,minimax,2716,action_264,1.0
problem0014,2,6,1,1,2,4,8,mcts,547,action_831,6.5
problem0014,2,6,1,1,2,4,10,minimax,5740,action_518,1.0
problem0014,2,6,1,1,2,4,10,mcts,496,action_616,10.0
problem0014,2,6,1,1,2,4,10,minimax,5871,action_28,1.0
problem0014,2,6,1,1,2,4,10,mcts,608,action_28,13.0
problem0014,2,6,1,1,2,4,10,minimax,5691,action_28,1.0
problem0014,2,6,1,1,2,4,10,mcts,622,action_28,12.0
problem0014,2,6,1,1,2,4,10,minimax,5723,action_518,1.0
problem0014,2,6,1,1,2,4,10,mcts,629,action_28,6.0
problem0014,2,6,1,1,2,4,10,minimax,5705,action_264,1.0
problem0014,2,6,1,1,2,4,10,mcts,747,action_339,10.0
