Dataset,LanguageSize,NumConditionActionRules,EffectSize,NumOfRules,RuleSize,GoalSize,SearchDepth,Algorithm,Time,Decision,DecisionValue
problem0025,2,10,1,1,2,3,2,minimax,154,action_971,1.0
problem0025,2,10,1,1,2,3,2,mcts,203,action_805,1.0
problem0025,2,10,1,1,2,3,2,minimax,187,action_49,1.0
problem0025,2,10,1,1,2,3,2,mcts,190,action_374,1.0
problem0025,2,10,1,1,2,3,2,minimax,143,action_637,1.0
problem0025,2,10,1,1,2,3,2,mcts,192,action_691,0.5
problem0025,2,10,1,1,2,3,2,minimax,172,action_49,1.0
problem0025,2,10,1,1,2,3,2,mcts,208,action_755,1.0
problem0025,2,10,1,1,2,3,2,minimax,154,action_49,1.0
problem0025,2,10,1,1,2,3,2,mcts,190,action_637,1.0
problem0025,2,10,1,1,2,3,4,minimax,508,action_971,1.0
problem0025,2,10,1,1,2,3,4,mcts,522,action_374,2.0
problem0025,2,10,1,1,2,3,4,minimax,578,action_49,1.0
problem0025,2,10,1,1,2,3,4,mcts,298,action_755,3.0
problem0025,2,10,1,1,2,3,4,minimax,427,action_971,1.0
problem0025,2,10,1,1,2,3,4,mcts,363,action_803,4.0
problem0025,2,10,1,1,2,3,4,minimax,376,action_49,1.0
problem0025,2,10,1,1,2,3,4,mcts,610,action_238,3.0
problem0025,2,10,1,1,2,3,4,minimax,326,action_49,1.0
problem0025,2,10,1,1,2,3,4,mcts,609,action_374,3.5
problem0025,2,10,1,1,2,3,6,minimax,1280,action_971,1.0
problem0025,2,10,1,1,2,3,6,mcts,714,action_238,2.5
problem0025,2,10,1,1,2,3,6,minimax,1190,action_971,1.0
problem0025,2,10,1,1,2,3,6,mcts,507,action_374,2.5
problem0025,2,10,1,1,2,3,6,minimax,1108,action_49,1.0
problem0025,2,10,1,1,2,3,6,mcts,700,action_49,4.0
problem0025,2,10,1,1,2,3,6,minimax,1093,action_49,1.0
problem0025,2,10,1,1,2,3,6,mcts,773,action_805,6.0
problem0025,2,10,1,1,2,3,6,minimax,1295,action_49,1.0
problem0025,2,10,1,1,2,3,6,mcts,1036,action_374,3.5
problem0025,2,10,1,1,2,3,8,minimax,3241,action_971,1.0
problem0025,2,10,1,1,2,3,8,mcts,690,action_238,5.5
problem0025,2,10,1,1,2,3,8,minimax,3328,action_49,1.0
problem0025,2,10,1,1,2,3,8,mcts,778,action_637,9.0
problem0025,2,10,1,1,2,3,8,minimax,3351,action_49,1.0
problem0025,2,10,1,1,2,3,8,mcts,664,action_238,2.5
problem0025,2,10,1,1,2,3,8,minimax,3270,action_521,1.0
problem0025,2,10,1,1,2,3,8,mcts,740,action_374,4.5
problem0025,2,10,1,1,2,3,8,minimax,3326,action_521,1.0
problem0025,2,10,1,1,2,3,8,mcts,956,action_803,5.0
problem0025,2,10,1,1,2,3,10,minimax,9466,action_49,1.0
problem0025,2,10,1,1,2,3,10,mcts,1052,action_805,4.0
problem0025,2,10,1,1,2,3,10,minimax,9340,action_49,1.0
problem0025,2,10,1,1,2,3,10,mcts,1219,action_805,7.0
problem0025,2,10,1,1,2,3,10,minimax,9285,action_49,1.0
problem0025,2,10,1,1,2,3,10,mcts,942,action_971,5.5
problem0025,2,10,1,1,2,3,10,minimax,9821,action_49,1.0
problem0025,2,10,1,1,2,3,10,mcts,1121,action_238,9.5
problem0025,2,10,1,1,2,3,10,minimax,10187,action_49,1.0
problem0025,2,10,1,1,2,3,10,mcts,1137,action_691,3.5
