Dataset,LanguageSize,NumConditionActionRules,EffectSize,NumOfRules,RuleSize,GoalSize,SearchDepth,Algorithm,Time,Decision,DecisionValue
problem0007,2,4,1,1,2,4,2,minimax,58,action_124,1.0
problem0007,2,4,1,1,2,4,2,mcts,120,action_124,2.0
problem0007,2,4,1,1,2,4,2,minimax,32,action_124,1.0
problem0007,2,4,1,1,2,4,2,mcts,94,action_597,3.0
problem0007,2,4,1,1,2,4,2,minimax,69,action_597,1.0
problem0007,2,4,1,1,2,4,2,mcts,168,action_216,2.0
problem0007,2,4,1,1,2,4,2,minimax,54,action_117,1.0
problem0007,2,4,1,1,2,4,2,mcts,166,action_117,3.0
problem0007,2,4,1,1,2,4,2,minimax,70,action_117,1.0
problem0007,2,4,1,1,2,4,2,mcts,192,action_124,2.0
problem0007,2,4,1,1,2,4,4,minimax,54,action_124,1.0
problem0007,2,4,1,1,2,4,4,mcts,171,action_216,4.0
problem0007,2,4,1,1,2,4,4,minimax,35,action_597,1.0
problem0007,2,4,1,1,2,4,4,mcts,115,action_124,4.0
problem0007,2,4,1,1,2,4,4,minimax,44,action_124,1.0
problem0007,2,4,1,1,2,4,4,mcts,91,action_597,6.0
problem0007,2,4,1,1,2,4,4,minimax,22,action_597,1.0
problem0007,2,4,1,1,2,4,4,mcts,106,action_117,6.0
problem0007,2,4,1,1,2,4,4,minimax,67,action_597,1.0
problem0007,2,4,1,1,2,4,4,mcts,193,action_124,4.0
problem0007,2,4,1,1,2,4,6,minimax,40,action_124,1.0
problem0007,2,4,1,1,2,4,6,mcts,106,action_216,8.0
problem0007,2,4,1,1,2,4,6,minimax,22,action_597,1.0
problem0007,2,4,1,1,2,4,6,mcts,191,action_124,9.0
problem0007,2,4,1,1,2,4,6,minimax,19,action_597,1.0
problem0007,2,4,1,1,2,4,6,mcts,151,action_216,6.0
problem0007,2,4,1,1,2,4,6,minimax,16,action_597,1.0
problem0007,2,4,1,1,2,4,6,mcts,120,action_117,8.0
problem0007,2,4,1,1,2,4,6,minimax,18,action_597,1.0
problem0007,2,4,1,1,2,4,6,mcts,159,action_124,7.0
problem0007,2,4,1,1,2,4,8,minimax,27,action_597,1.0
problem0007,2,4,1,1,2,4,8,mcts,201,action_117,4.0
problem0007,2,4,1,1,2,4,8,minimax,12,action_597,1.0
problem0007,2,4,1,1,2,4,8,mcts,146,action_124,7.0
problem0007,2,4,1,1,2,4,8,minimax,15,action_124,1.0
problem0007,2,4,1,1,2,4,8,mcts,184,action_124,14.0
problem0007,2,4,1,1,2,4,8,minimax,33,action_597,1.0
problem0007,2,4,1,1,2,4,8,mcts,203,action_216,8.0
problem0007,2,4,1,1,2,4,8,minimax,31,action_597,1.0
problem0007,2,4,1,1,2,4,8,mcts,254,action_216,12.0
problem0007,2,4,1,1,2,4,10,minimax,24,action_216,1.0
problem0007,2,4,1,1,2,4,10,mcts,155,action_117,9.0
problem0007,2,4,1,1,2,4,10,minimax,19,action_597,1.0
problem0007,2,4,1,1,2,4,10,mcts,250,action_124,11.0
problem0007,2,4,1,1,2,4,10,minimax,30,action_597,1.0
problem0007,2,4,1,1,2,4,10,mcts,291,action_124,10.0
problem0007,2,4,1,1,2,4,10,minimax,23,action_124,1.0
problem0007,2,4,1,1,2,4,10,mcts,236,action_216,11.0
problem0007,2,4,1,1,2,4,10,minimax,16,action_117,1.0
problem0007,2,4,1,1,2,4,10,mcts,222,action_117,15.0
