Dataset,LanguageSize,NumConditionActionRules,EffectSize,NumOfRules,RuleSize,GoalSize,SearchDepth,Algorithm,Time,Decision,DecisionValue
problem0067,6,8,1,3,2,10,2,minimax,10874,action_221,0.3333333333333333
problem0067,6,8,1,3,2,10,2,mcts,5789,action_656,1.4999999999999998
problem0067,6,8,1,3,2,10,2,minimax,11138,action_872,0.3333333333333333
problem0067,6,8,1,3,2,10,2,mcts,5642,action_478,1.0
problem0067,6,8,1,3,2,10,2,minimax,10714,action_872,0.3333333333333333
problem0067,6,8,1,3,2,10,2,mcts,5949,action_277,1.5
problem0067,6,8,1,3,2,10,2,minimax,10818,action_872,0.3333333333333333
problem0067,6,8,1,3,2,10,2,mcts,5944,action_343,1.833333333333333
problem0067,6,8,1,3,2,10,2,minimax,10711,action_872,0.3333333333333333
problem0067,6,8,1,3,2,10,2,mcts,5625,action_478,1.0
problem0067,6,8,1,3,2,10,4,minimax,153936,action_343,0.5
problem0067,6,8,1,3,2,10,4,mcts,13054,action_872,4.0
problem0067,6,8,1,3,2,10,4,minimax,152946,action_872,0.5
problem0067,6,8,1,3,2,10,4,mcts,13042,action_277,2.9999999999999996
problem0067,6,8,1,3,2,10,4,minimax,149040,action_872,0.5
problem0067,6,8,1,3,2,10,4,mcts,12958,action_282,2.3333333333333335
problem0067,6,8,1,3,2,10,4,minimax,153008,action_872,0.5
problem0067,6,8,1,3,2,10,4,mcts,13071,action_656,3.166666666666667
problem0067,6,8,1,3,2,10,4,minimax,173409,action_872,0.5
problem0067,6,8,1,3,2,10,4,mcts,13157,action_282,2.5
problem0067,6,8,1,3,2,10,6,minimax,4753113,action_221,0.5
problem0067,6,8,1,3,2,10,6,mcts,18689,action_241,3.0
problem0067,6,8,1,3,2,10,6,minimax,4837971,action_277,0.5
problem0067,6,8,1,3,2,10,6,mcts,19166,action_221,4.333333333333333
problem0067,6,8,1,3,2,10,6,minimax,4734731,action_872,0.5
problem0067,6,8,1,3,2,10,6,mcts,19181,action_872,6.833333333333334
problem0067,6,8,1,3,2,10,6,minimax,4741228,action_221,0.5
problem0067,6,8,1,3,2,10,6,mcts,18967,action_282,1.0
problem0067,6,8,1,3,2,10,6,minimax,4538904,action_872,0.5
problem0067,6,8,1,3,2,10,6,mcts,18636,action_277,5.0
problem0067,6,8,1,3,2,10,8,minimax,29614253,action_277,0.6666666666666666
problem0067,6,8,1,3,2,10,8,mcts,25663,action_343,6.0
problem0067,6,8,1,3,2,10,8,minimax,29744136,action_872,0.6666666666666666
problem0067,6,8,1,3,2,10,8,mcts,24847,action_241,3.0
problem0067,6,8,1,3,2,10,8,minimax,31901336,action_872,0.6666666666666666
problem0067,6,8,1,3,2,10,8,mcts,25502,action_282,3.0
problem0067,6,8,1,3,2,10,8,minimax,30048814,action_221,0.6666666666666666
problem0067,6,8,1,3,2,10,8,mcts,25227,action_656,5.166666666666667
problem0067,6,8,1,3,2,10,8,minimax,30101369,action_872,0.6666666666666666
problem0067,6,8,1,3,2,10,8,mcts,24745,action_277,4.0
