Dataset,LanguageSize,NumConditionActionRules,EffectSize,NumOfRules,RuleSize,GoalSize,SearchDepth,Algorithm,Time,Decision,DecisionValue
problem0031,4,4,1,2,2,8,2,minimax,2072,action_411,0.25
problem0031,4,4,1,2,2,8,2,mcts,1735,action_411,2.25
problem0031,4,4,1,2,2,8,2,minimax,2008,action_208,0.25
problem0031,4,4,1,2,2,8,2,mcts,1764,action_92,2.25
problem0031,4,4,1,2,2,8,2,minimax,2100,action_92,0.25
problem0031,4,4,1,2,2,8,2,mcts,1743,action_129,1.25
problem0031,4,4,1,2,2,8,2,minimax,2031,action_208,0.25
problem0031,4,4,1,2,2,8,2,mcts,1765,action_411,2.25
problem0031,4,4,1,2,2,8,2,minimax,1943,action_411,0.25
problem0031,4,4,1,2,2,8,2,mcts,1676,action_129,1.25
problem0031,4,4,1,2,2,8,4,minimax,17438,action_411,0.5
problem0031,4,4,1,2,2,8,4,mcts,2883,action_92,6.0
problem0031,4,4,1,2,2,8,4,minimax,17336,action_411,0.5
problem0031,4,4,1,2,2,8,4,mcts,3238,action_129,3.75
problem0031,4,4,1,2,2,8,4,minimax,17736,action_208,0.5
problem0031,4,4,1,2,2,8,4,mcts,2917,action_411,4.0
problem0031,4,4,1,2,2,8,4,minimax,17363,action_208,0.5
problem0031,4,4,1,2,2,8,4,mcts,2995,action_411,5.5
problem0031,4,4,1,2,2,8,4,minimax,17180,action_411,0.5
problem0031,4,4,1,2,2,8,4,mcts,2909,action_411,7.0
problem0031,4,4,1,2,2,8,6,minimax,129820,action_411,0.75
problem0031,4,4,1,2,2,8,6,mcts,4664,action_208,8.0
problem0031,4,4,1,2,2,8,6,minimax,125707,action_411,0.75
problem0031,4,4,1,2,2,8,6,mcts,4633,action_129,6.75
problem0031,4,4,1,2,2,8,6,minimax,128787,action_411,0.75
problem0031,4,4,1,2,2,8,6,mcts,4498,action_208,6.75
problem0031,4,4,1,2,2,8,6,minimax,129958,action_411,0.75
problem0031,4,4,1,2,2,8,6,mcts,4888,action_92,6.0
problem0031,4,4,1,2,2,8,6,minimax,129067,action_411,0.75
problem0031,4,4,1,2,2,8,6,mcts,4632,action_208,5.25
problem0031,4,4,1,2,2,8,8,minimax,928741,action_92,1.0
problem0031,4,4,1,2,2,8,8,mcts,6474,action_129,13.5
problem0031,4,4,1,2,2,8,8,minimax,921476,action_129,1.0
problem0031,4,4,1,2,2,8,8,mcts,6614,action_92,11.75
problem0031,4,4,1,2,2,8,8,minimax,927657,action_411,1.0
problem0031,4,4,1,2,2,8,8,mcts,7072,action_92,9.0
problem0031,4,4,1,2,2,8,8,minimax,917831,action_129,1.0
problem0031,4,4,1,2,2,8,8,mcts,7041,action_129,9.25
problem0031,4,4,1,2,2,8,8,minimax,912645,action_129,1.0
problem0031,4,4,1,2,2,8,8,mcts,7033,action_129,7.5
problem0031,4,4,1,2,2,8,10,minimax,6464379,action_411,1.0
problem0031,4,4,1,2,2,8,10,mcts,8827,action_92,11.0
problem0031,4,4,1,2,2,8,10,minimax,6486522,action_92,1.0
problem0031,4,4,1,2,2,8,10,mcts,9186,action_411,12.0
problem0031,4,4,1,2,2,8,10,minimax,6551162,action_208,1.0
problem0031,4,4,1,2,2,8,10,mcts,8819,action_92,6.75
problem0031,4,4,1,2,2,8,10,minimax,6496024,action_411,1.0
problem0031,4,4,1,2,2,8,10,mcts,8815,action_129,15.0
problem0031,4,4,1,2,2,8,10,minimax,6495478,action_92,1.0
problem0031,4,4,1,2,2,8,10,mcts,8862,action_92,11.25
