Dataset,LanguageSize,NumConditionActionRules,EffectSize,NumOfRules,RuleSize,GoalSize,SearchDepth,Algorithm,Time,Decision,DecisionValue
problem0013,2,6,1,1,2,4,2,minimax,132,action_918,1.0
problem0013,2,6,1,1,2,4,2,mcts,230,action_918,1.0
problem0013,2,6,1,1,2,4,2,minimax,87,action_898,1.0
problem0013,2,6,1,1,2,4,2,mcts,145,action_918,2.0
problem0013,2,6,1,1,2,4,2,minimax,121,action_898,1.0
problem0013,2,6,1,1,2,4,2,mcts,140,action_803,1.0
problem0013,2,6,1,1,2,4,2,minimax,79,action_118,1.0
problem0013,2,6,1,1,2,4,2,mcts,130,action_118,1.5
problem0013,2,6,1,1,2,4,2,minimax,93,action_118,1.0
problem0013,2,6,1,1,2,4,2,mcts,178,action_918,1.0
problem0013,2,6,1,1,2,4,4,minimax,133,action_898,1.0
problem0013,2,6,1,1,2,4,4,mcts,285,action_655,2.0
problem0013,2,6,1,1,2,4,4,minimax,103,action_898,1.0
problem0013,2,6,1,1,2,4,4,mcts,176,action_803,3.0
problem0013,2,6,1,1,2,4,4,minimax,79,action_898,1.0
problem0013,2,6,1,1,2,4,4,mcts,272,action_655,3.0
problem0013,2,6,1,1,2,4,4,minimax,157,action_118,1.0
problem0013,2,6,1,1,2,4,4,mcts,234,action_803,4.0
problem0013,2,6,1,1,2,4,4,minimax,100,action_898,1.0
problem0013,2,6,1,1,2,4,4,mcts,320,action_918,4.0
problem0013,2,6,1,1,2,4,6,minimax,123,action_522,1.0
problem0013,2,6,1,1,2,4,6,mcts,377,action_898,9.0
problem0013,2,6,1,1,2,4,6,minimax,122,action_522,1.0
problem0013,2,6,1,1,2,4,6,mcts,233,action_118,4.0
problem0013,2,6,1,1,2,4,6,minimax,145,action_898,1.0
problem0013,2,6,1,1,2,4,6,mcts,320,action_803,5.0
problem0013,2,6,1,1,2,4,6,minimax,63,action_898,1.0
problem0013,2,6,1,1,2,4,6,mcts,390,action_118,4.0
problem0013,2,6,1,1,2,4,6,minimax,89,action_898,1.0
problem0013,2,6,1,1,2,4,6,mcts,321,action_918,3.0
problem0013,2,6,1,1,2,4,8,minimax,143,action_898,1.0
problem0013,2,6,1,1,2,4,8,mcts,424,action_898,11.0
problem0013,2,6,1,1,2,4,8,minimax,89,action_118,1.0
problem0013,2,6,1,1,2,4,8,mcts,401,action_898,8.0
problem0013,2,6,1,1,2,4,8,minimax,163,action_898,1.0
problem0013,2,6,1,1,2,4,8,mcts,417,action_118,5.0
problem0013,2,6,1,1,2,4,8,minimax,72,action_898,1.0
problem0013,2,6,1,1,2,4,8,mcts,387,action_655,5.0
problem0013,2,6,1,1,2,4,8,minimax,105,action_118,1.0
problem0013,2,6,1,1,2,4,8,mcts,467,action_655,13.0
problem0013,2,6,1,1,2,4,10,minimax,84,action_655,1.0
problem0013,2,6,1,1,2,4,10,mcts,400,action_522,4.0
problem0013,2,6,1,1,2,4,10,minimax,102,action_898,1.0
problem0013,2,6,1,1,2,4,10,mcts,513,action_522,4.0
problem0013,2,6,1,1,2,4,10,minimax,114,action_898,1.0
problem0013,2,6,1,1,2,4,10,mcts,431,action_898,13.0
problem0013,2,6,1,1,2,4,10,minimax,97,action_898,1.0
problem0013,2,6,1,1,2,4,10,mcts,499,action_918,4.0
problem0013,2,6,1,1,2,4,10,minimax,86,action_522,1.0
problem0013,2,6,1,1,2,4,10,mcts,449,action_522,12.0
