Dataset,LanguageSize,NumConditionActionRules,EffectSize,NumOfRules,RuleSize,GoalSize,SearchDepth,Algorithm,Time,Decision,DecisionValue
problem0064,6,6,1,3,2,7,2,minimax,2124,action_475,0.6666666666666666
problem0064,6,6,1,3,2,7,2,mcts,2698,action_201,3.5
problem0064,6,6,1,3,2,7,2,minimax,2116,action_475,0.6666666666666666
problem0064,6,6,1,3,2,7,2,mcts,2492,action_650,1.1666666666666665
problem0064,6,6,1,3,2,7,2,minimax,2093,action_950,0.6666666666666666
problem0064,6,6,1,3,2,7,2,mcts,2618,action_966,2.333333333333333
problem0064,6,6,1,3,2,7,2,minimax,2179,action_475,0.6666666666666666
problem0064,6,6,1,3,2,7,2,mcts,2576,action_928,1.3333333333333333
problem0064,6,6,1,3,2,7,2,minimax,2096,action_950,0.6666666666666666
problem0064,6,6,1,3,2,7,2,mcts,2675,action_966,1.0
problem0064,6,6,1,3,2,7,4,minimax,17481,action_201,0.6666666666666666
problem0064,6,6,1,3,2,7,4,mcts,6241,action_475,3.6666666666666665
problem0064,6,6,1,3,2,7,4,minimax,17868,action_950,0.6666666666666666
problem0064,6,6,1,3,2,7,4,mcts,6470,action_928,5.666666666666667
problem0064,6,6,1,3,2,7,4,minimax,17333,action_950,0.6666666666666666
problem0064,6,6,1,3,2,7,4,mcts,6259,action_650,5.833333333333333
problem0064,6,6,1,3,2,7,4,minimax,17258,action_201,0.6666666666666666
problem0064,6,6,1,3,2,7,4,mcts,6338,action_650,5.0
problem0064,6,6,1,3,2,7,4,minimax,17667,action_201,0.6666666666666666
problem0064,6,6,1,3,2,7,4,mcts,6196,action_928,3.5
problem0064,6,6,1,3,2,7,6,minimax,139877,action_928,0.6666666666666666
problem0064,6,6,1,3,2,7,6,mcts,9218,action_475,7.833333333333334
problem0064,6,6,1,3,2,7,6,minimax,139913,action_201,0.6666666666666666
problem0064,6,6,1,3,2,7,6,mcts,9655,action_475,12.666666666666664
problem0064,6,6,1,3,2,7,6,minimax,137887,action_475,0.6666666666666666
problem0064,6,6,1,3,2,7,6,mcts,9416,action_928,6.333333333333334
problem0064,6,6,1,3,2,7,6,minimax,138648,action_950,0.6666666666666666
problem0064,6,6,1,3,2,7,6,mcts,9363,action_966,7.000000000000001
problem0064,6,6,1,3,2,7,6,minimax,141862,action_201,0.6666666666666666
problem0064,6,6,1,3,2,7,6,mcts,9571,action_650,6.666666666666666
problem0064,6,6,1,3,2,7,8,minimax,1129762,action_201,0.6666666666666666
problem0064,6,6,1,3,2,7,8,mcts,12660,action_650,8.833333333333332
problem0064,6,6,1,3,2,7,8,minimax,1121050,action_650,0.6666666666666666
problem0064,6,6,1,3,2,7,8,mcts,12818,action_201,9.333333333333334
problem0064,6,6,1,3,2,7,8,minimax,1121593,action_928,0.6666666666666666
problem0064,6,6,1,3,2,7,8,mcts,12828,action_950,5.666666666666667
problem0064,6,6,1,3,2,7,8,minimax,1128972,action_950,0.6666666666666666
problem0064,6,6,1,3,2,7,8,mcts,12676,action_928,10.666666666666666
problem0064,6,6,1,3,2,7,8,minimax,1130726,action_201,0.6666666666666666
problem0064,6,6,1,3,2,7,8,mcts,13037,action_928,8.5
problem0064,6,6,1,3,2,7,10,minimax,9368695,action_950,0.6666666666666666
problem0064,6,6,1,3,2,7,10,mcts,15958,action_928,11.999999999999998
problem0064,6,6,1,3,2,7,10,minimax,9323205,action_950,0.6666666666666666
problem0064,6,6,1,3,2,7,10,mcts,16330,action_928,8.5
problem0064,6,6,1,3,2,7,10,minimax,9388030,action_950,0.6666666666666666
problem0064,6,6,1,3,2,7,10,mcts,15762,action_475,15.83333333333333
problem0064,6,6,1,3,2,7,10,minimax,9343721,action_950,0.6666666666666666
problem0064,6,6,1,3,2,7,10,mcts,16301,action_201,13.999999999999996
problem0064,6,6,1,3,2,7,10,minimax,9312608,action_950,0.6666666666666666
problem0064,6,6,1,3,2,7,10,mcts,16132,action_950,5.666666666666667
