Dataset,LanguageSize,NumConditionActionRules,EffectSize,NumOfRules,RuleSize,GoalSize,SearchDepth,Algorithm,Time,Decision,DecisionValue
problem0028,4,2,1,2,2,8,2,minimax,984,action_451,0.25
problem0028,4,2,1,2,2,8,2,mcts,1269,action_181,3.5
problem0028,4,2,1,2,2,8,2,minimax,1092,action_181,0.25
problem0028,4,2,1,2,2,8,2,mcts,1099,action_451,1.75
problem0028,4,2,1,2,2,8,2,minimax,1136,action_451,0.25
problem0028,4,2,1,2,2,8,2,mcts,1268,action_451,1.25
problem0028,4,2,1,2,2,8,2,minimax,1058,action_451,0.25
problem0028,4,2,1,2,2,8,2,mcts,1235,action_451,1.75
problem0028,4,2,1,2,2,8,2,minimax,1016,action_181,0.25
problem0028,4,2,1,2,2,8,2,mcts,1161,action_181,2.75
problem0028,4,2,1,2,2,8,4,minimax,7530,action_451,0.25
problem0028,4,2,1,2,2,8,4,mcts,2804,action_181,6.0
problem0028,4,2,1,2,2,8,4,minimax,7433,action_181,0.25
problem0028,4,2,1,2,2,8,4,mcts,2927,action_181,5.25
problem0028,4,2,1,2,2,8,4,minimax,7399,action_451,0.25
problem0028,4,2,1,2,2,8,4,mcts,2612,action_451,5.0
problem0028,4,2,1,2,2,8,4,minimax,7477,action_181,0.25
problem0028,4,2,1,2,2,8,4,mcts,2598,action_181,5.5
problem0028,4,2,1,2,2,8,4,minimax,7606,action_181,0.25
problem0028,4,2,1,2,2,8,4,mcts,2900,action_451,4.25
problem0028,4,2,1,2,2,8,6,minimax,59504,action_451,0.25
problem0028,4,2,1,2,2,8,6,mcts,4464,action_451,7.25
problem0028,4,2,1,2,2,8,6,minimax,59690,action_451,0.25
problem0028,4,2,1,2,2,8,6,mcts,4780,action_181,9.25
problem0028,4,2,1,2,2,8,6,minimax,59144,action_451,0.25
problem0028,4,2,1,2,2,8,6,mcts,4716,action_181,9.25
problem0028,4,2,1,2,2,8,6,minimax,59123,action_181,0.25
problem0028,4,2,1,2,2,8,6,mcts,4651,action_451,9.25
problem0028,4,2,1,2,2,8,6,minimax,59512,action_451,0.25
problem0028,4,2,1,2,2,8,6,mcts,4962,action_181,10.5
problem0028,4,2,1,2,2,8,8,minimax,467756,action_181,0.25
problem0028,4,2,1,2,2,8,8,mcts,6323,action_181,12.5
problem0028,4,2,1,2,2,8,8,minimax,468306,action_181,0.25
problem0028,4,2,1,2,2,8,8,mcts,6160,action_181,9.5
problem0028,4,2,1,2,2,8,8,minimax,470524,action_181,0.25
problem0028,4,2,1,2,2,8,8,mcts,6420,action_451,10.5
problem0028,4,2,1,2,2,8,8,minimax,476993,action_451,0.25
problem0028,4,2,1,2,2,8,8,mcts,6677,action_181,12.75
problem0028,4,2,1,2,2,8,8,minimax,472376,action_451,0.25
problem0028,4,2,1,2,2,8,8,mcts,6577,action_451,13.5
problem0028,4,2,1,2,2,8,10,minimax,3762226,action_451,0.25
problem0028,4,2,1,2,2,8,10,mcts,8566,action_451,14.0
problem0028,4,2,1,2,2,8,10,minimax,3768459,action_451,0.25
problem0028,4,2,1,2,2,8,10,mcts,7897,action_451,11.25
problem0028,4,2,1,2,2,8,10,minimax,3760074,action_181,0.25
problem0028,4,2,1,2,2,8,10,mcts,7917,action_181,13.75
problem0028,4,2,1,2,2,8,10,minimax,3749759,action_451,0.25
problem0028,4,2,1,2,2,8,10,mcts,7665,action_451,16.0
problem0028,4,2,1,2,2,8,10,minimax,3742433,action_181,0.25
problem0028,4,2,1,2,2,8,10,mcts,8207,action_181,15.0
