Dataset,LanguageSize,NumConditionActionRules,EffectSize,NumOfRules,RuleSize,GoalSize,SearchDepth,Algorithm,Time,Decision,DecisionValue
problem0003,2,2,1,1,2,4,2,minimax,197,action_985,1.0
problem0003,2,2,1,1,2,4,2,mcts,234,action_936,1.0
problem0003,2,2,1,1,2,4,2,minimax,191,action_985,1.0
problem0003,2,2,1,1,2,4,2,mcts,283,action_936,3.0
problem0003,2,2,1,1,2,4,2,minimax,245,action_985,1.0
problem0003,2,2,1,1,2,4,2,mcts,189,action_936,3.0
problem0003,2,2,1,1,2,4,2,minimax,89,action_985,1.0
problem0003,2,2,1,1,2,4,2,mcts,132,action_936,1.0
problem0003,2,2,1,1,2,4,2,minimax,79,action_985,1.0
problem0003,2,2,1,1,2,4,2,mcts,198,action_985,5.0
problem0003,2,2,1,1,2,4,4,minimax,254,action_936,1.0
problem0003,2,2,1,1,2,4,4,mcts,209,action_985,6.0
problem0003,2,2,1,1,2,4,4,minimax,206,action_936,1.0
problem0003,2,2,1,1,2,4,4,mcts,173,action_985,8.0
problem0003,2,2,1,1,2,4,4,minimax,266,action_936,1.0
problem0003,2,2,1,1,2,4,4,mcts,180,action_936,6.0
problem0003,2,2,1,1,2,4,4,minimax,176,action_936,1.0
problem0003,2,2,1,1,2,4,4,mcts,220,action_985,9.0
problem0003,2,2,1,1,2,4,4,minimax,264,action_936,1.0
problem0003,2,2,1,1,2,4,4,mcts,183,action_936,5.5
problem0003,2,2,1,1,2,4,6,minimax,470,action_985,1.0
problem0003,2,2,1,1,2,4,6,mcts,414,action_936,12.5
problem0003,2,2,1,1,2,4,6,minimax,534,action_936,1.0
problem0003,2,2,1,1,2,4,6,mcts,266,action_936,9.5
problem0003,2,2,1,1,2,4,6,minimax,499,action_936,1.0
problem0003,2,2,1,1,2,4,6,mcts,185,action_985,11.0
problem0003,2,2,1,1,2,4,6,minimax,559,action_936,1.0
problem0003,2,2,1,1,2,4,6,mcts,253,action_985,12.0
problem0003,2,2,1,1,2,4,6,minimax,417,action_985,1.0
problem0003,2,2,1,1,2,4,6,mcts,324,action_936,9.0
problem0003,2,2,1,1,2,4,8,minimax,984,action_985,1.0
problem0003,2,2,1,1,2,4,8,mcts,314,action_936,16.0
problem0003,2,2,1,1,2,4,8,minimax,982,action_936,1.0
problem0003,2,2,1,1,2,4,8,mcts,248,action_985,11.0
problem0003,2,2,1,1,2,4,8,minimax,936,action_936,1.0
problem0003,2,2,1,1,2,4,8,mcts,207,action_936,7.5
problem0003,2,2,1,1,2,4,8,minimax,908,action_985,1.0
problem0003,2,2,1,1,2,4,8,mcts,351,action_985,12.0
problem0003,2,2,1,1,2,4,8,minimax,979,action_985,1.0
problem0003,2,2,1,1,2,4,8,mcts,437,action_985,10.0
problem0003,2,2,1,1,2,4,10,minimax,1980,action_985,1.0
problem0003,2,2,1,1,2,4,10,mcts,295,action_985,20.0
problem0003,2,2,1,1,2,4,10,minimax,1955,action_985,1.0
problem0003,2,2,1,1,2,4,10,mcts,221,action_936,14.0
problem0003,2,2,1,1,2,4,10,minimax,1849,action_936,1.0
problem0003,2,2,1,1,2,4,10,mcts,256,action_936,14.0
problem0003,2,2,1,1,2,4,10,minimax,1940,action_936,1.0
problem0003,2,2,1,1,2,4,10,mcts,280,action_985,16.0
problem0003,2,2,1,1,2,4,10,minimax,1928,action_985,1.0
problem0003,2,2,1,1,2,4,10,mcts,324,action_936,12.5
