Dataset,LanguageSize,NumConditionActionRules,EffectSize,NumOfRules,RuleSize,GoalSize,SearchDepth,Algorithm,Time,Decision,DecisionValue
problem0049,4,10,1,2,2,7,2,minimax,4730,action_410,0.25
problem0049,4,10,1,2,2,7,2,mcts,2546,action_516,2.5
problem0049,4,10,1,2,2,7,2,minimax,4737,action_233,0.25
problem0049,4,10,1,2,2,7,2,mcts,2809,action_81,1.5
problem0049,4,10,1,2,2,7,2,minimax,4902,action_233,0.25
problem0049,4,10,1,2,2,7,2,mcts,2545,action_823,1.0
problem0049,4,10,1,2,2,7,2,minimax,4645,action_410,0.25
problem0049,4,10,1,2,2,7,2,mcts,2533,action_351,1.0
problem0049,4,10,1,2,2,7,2,minimax,5079,action_410,0.25
problem0049,4,10,1,2,2,7,2,mcts,2717,action_233,0.75
problem0049,4,10,1,2,2,7,4,minimax,29873,action_410,0.5
problem0049,4,10,1,2,2,7,4,mcts,5139,action_816,4.0
problem0049,4,10,1,2,2,7,4,minimax,29254,action_410,0.5
problem0049,4,10,1,2,2,7,4,mcts,5409,action_233,2.75
problem0049,4,10,1,2,2,7,4,minimax,29517,action_913,0.5
problem0049,4,10,1,2,2,7,4,mcts,5522,action_66,6.25
problem0049,4,10,1,2,2,7,4,minimax,29459,action_410,0.5
problem0049,4,10,1,2,2,7,4,mcts,5457,action_81,4.75
problem0049,4,10,1,2,2,7,4,minimax,29342,action_410,0.5
problem0049,4,10,1,2,2,7,4,mcts,5160,action_233,2.75
problem0049,4,10,1,2,2,7,6,minimax,269139,action_410,0.5
problem0049,4,10,1,2,2,7,6,mcts,8774,action_718,4.0
problem0049,4,10,1,2,2,7,6,minimax,267000,action_233,0.5
problem0049,4,10,1,2,2,7,6,mcts,8818,action_351,4.0
problem0049,4,10,1,2,2,7,6,minimax,268360,action_516,0.5
problem0049,4,10,1,2,2,7,6,mcts,8982,action_823,1.5
problem0049,4,10,1,2,2,7,6,minimax,267780,action_233,0.5
problem0049,4,10,1,2,2,7,6,mcts,8456,action_913,4.75
problem0049,4,10,1,2,2,7,6,minimax,268512,action_233,0.5
problem0049,4,10,1,2,2,7,6,mcts,8989,action_823,7.5
problem0049,4,10,1,2,2,7,8,minimax,2482883,action_410,0.5
problem0049,4,10,1,2,2,7,8,mcts,12581,action_816,4.0
problem0049,4,10,1,2,2,7,8,minimax,2480036,action_410,0.5
problem0049,4,10,1,2,2,7,8,mcts,12497,action_410,5.5
problem0049,4,10,1,2,2,7,8,minimax,2505856,action_410,0.5
problem0049,4,10,1,2,2,7,8,mcts,12705,action_351,4.75
problem0049,4,10,1,2,2,7,8,minimax,2505797,action_516,0.5
problem0049,4,10,1,2,2,7,8,mcts,12482,action_718,5.5
problem0049,4,10,1,2,2,7,8,minimax,2503125,action_410,0.5
problem0049,4,10,1,2,2,7,8,mcts,12636,action_816,5.5
problem0049,4,10,1,2,2,7,10,minimax,23485580,action_410,0.5
problem0049,4,10,1,2,2,7,10,mcts,16107,action_410,6.25
problem0049,4,10,1,2,2,7,10,minimax,23523957,action_233,0.5
problem0049,4,10,1,2,2,7,10,mcts,16102,action_233,6.5
problem0049,4,10,1,2,2,7,10,minimax,23379332,action_410,0.5
problem0049,4,10,1,2,2,7,10,mcts,15650,action_410,5.5
problem0049,4,10,1,2,2,7,10,minimax,23416330,action_66,0.5
problem0049,4,10,1,2,2,7,10,mcts,14885,action_233,4.25
problem0049,4,10,1,2,2,7,10,minimax,23340305,action_233,0.5
problem0049,4,10,1,2,2,7,10,mcts,16078,action_913,8.75
