Dataset,LanguageSize,NumConditionActionRules,EffectSize,NumOfRules,RuleSize,GoalSize,SearchDepth,Algorithm,Time,Decision,DecisionValue
problem0019,2,8,1,1,2,3,2,minimax,367,action_201,1.0
problem0019,2,8,1,1,2,3,2,mcts,426,action_380,0.5
problem0019,2,8,1,1,2,3,2,minimax,362,action_201,1.0
problem0019,2,8,1,1,2,3,2,mcts,318,action_291,0.5
problem0019,2,8,1,1,2,3,2,minimax,289,action_201,1.0
problem0019,2,8,1,1,2,3,2,mcts,445,action_935,1.0
problem0019,2,8,1,1,2,3,2,minimax,333,action_201,1.0
problem0019,2,8,1,1,2,3,2,mcts,403,action_935,2.0
problem0019,2,8,1,1,2,3,2,minimax,314,action_201,1.0
problem0019,2,8,1,1,2,3,2,mcts,383,action_498,0.5
problem0019,2,8,1,1,2,3,4,minimax,1886,action_498,1.0
problem0019,2,8,1,1,2,3,4,mcts,644,action_498,3.5
problem0019,2,8,1,1,2,3,4,minimax,1806,action_201,1.0
problem0019,2,8,1,1,2,3,4,mcts,804,action_498,3.0
problem0019,2,8,1,1,2,3,4,minimax,1940,action_201,1.0
problem0019,2,8,1,1,2,3,4,mcts,645,action_577,4.0
problem0019,2,8,1,1,2,3,4,minimax,1811,action_201,1.0
problem0019,2,8,1,1,2,3,4,mcts,710,action_201,2.0
problem0019,2,8,1,1,2,3,4,minimax,1892,action_201,1.0
problem0019,2,8,1,1,2,3,4,mcts,707,action_201,3.0
problem0019,2,8,1,1,2,3,6,minimax,9136,action_201,1.0
problem0019,2,8,1,1,2,3,6,mcts,1043,action_998,3.0
problem0019,2,8,1,1,2,3,6,minimax,8986,action_201,1.0
problem0019,2,8,1,1,2,3,6,mcts,1124,action_935,3.0
problem0019,2,8,1,1,2,3,6,minimax,9241,action_998,1.0
problem0019,2,8,1,1,2,3,6,mcts,1039,action_201,5.0
problem0019,2,8,1,1,2,3,6,minimax,8861,action_935,1.0
problem0019,2,8,1,1,2,3,6,mcts,1029,action_94,3.0
problem0019,2,8,1,1,2,3,6,minimax,9074,action_201,1.0
problem0019,2,8,1,1,2,3,6,mcts,1283,action_498,5.5
problem0019,2,8,1,1,2,3,8,minimax,43438,action_498,1.0
problem0019,2,8,1,1,2,3,8,mcts,1810,action_935,2.0
problem0019,2,8,1,1,2,3,8,minimax,46125,action_935,1.0
problem0019,2,8,1,1,2,3,8,mcts,1425,action_935,11.0
problem0019,2,8,1,1,2,3,8,minimax,46169,action_577,1.0
problem0019,2,8,1,1,2,3,8,mcts,1193,action_201,5.0
problem0019,2,8,1,1,2,3,8,minimax,46457,action_498,1.0
problem0019,2,8,1,1,2,3,8,mcts,1710,action_94,4.0
problem0019,2,8,1,1,2,3,8,minimax,46809,action_201,1.0
problem0019,2,8,1,1,2,3,8,mcts,1570,action_577,8.0
problem0019,2,8,1,1,2,3,10,minimax,220224,action_201,1.0
problem0019,2,8,1,1,2,3,10,mcts,1919,action_935,8.0
problem0019,2,8,1,1,2,3,10,minimax,221292,action_201,1.0
problem0019,2,8,1,1,2,3,10,mcts,1791,action_94,6.0
problem0019,2,8,1,1,2,3,10,minimax,220189,action_498,1.0
problem0019,2,8,1,1,2,3,10,mcts,1990,action_94,6.5
problem0019,2,8,1,1,2,3,10,minimax,222611,action_201,1.0
problem0019,2,8,1,1,2,3,10,mcts,1841,action_380,5.0
problem0019,2,8,1,1,2,3,10,minimax,223355,action_201,1.0
problem0019,2,8,1,1,2,3,10,mcts,1719,action_94,7.0
