Dataset,LanguageSize,NumConditionActionRules,EffectSize,NumOfRules,RuleSize,GoalSize,SearchDepth,Algorithm,Time,Decision,DecisionValue
problem0045,4,8,1,2,2,7,2,minimax,4196,action_555,0.25
problem0045,4,8,1,2,2,7,2,mcts,2665,action_199,0.75
problem0045,4,8,1,2,2,7,2,minimax,4268,action_773,0.25
problem0045,4,8,1,2,2,7,2,mcts,2448,action_197,1.25
problem0045,4,8,1,2,2,7,2,minimax,4160,action_773,0.25
problem0045,4,8,1,2,2,7,2,mcts,2201,action_197,0.25
problem0045,4,8,1,2,2,7,2,minimax,4172,action_773,0.25
problem0045,4,8,1,2,2,7,2,mcts,2391,action_52,0.25
problem0045,4,8,1,2,2,7,2,minimax,4146,action_178,0.25
problem0045,4,8,1,2,2,7,2,mcts,2305,action_773,0.5
problem0045,4,8,1,2,2,7,4,minimax,44108,action_52,0.5
problem0045,4,8,1,2,2,7,4,mcts,5861,action_197,2.0
problem0045,4,8,1,2,2,7,4,minimax,44237,action_873,0.5
problem0045,4,8,1,2,2,7,4,mcts,5999,action_555,3.25
problem0045,4,8,1,2,2,7,4,minimax,43931,action_873,0.5
problem0045,4,8,1,2,2,7,4,mcts,6191,action_197,2.25
problem0045,4,8,1,2,2,7,4,minimax,43898,action_773,0.5
problem0045,4,8,1,2,2,7,4,mcts,6298,action_925,3.75
problem0045,4,8,1,2,2,7,4,minimax,43283,action_873,0.5
problem0045,4,8,1,2,2,7,4,mcts,5654,action_773,0.5
problem0045,4,8,1,2,2,7,6,minimax,245074,action_873,0.75
problem0045,4,8,1,2,2,7,6,mcts,8893,action_178,5.75
problem0045,4,8,1,2,2,7,6,minimax,244286,action_199,0.75
problem0045,4,8,1,2,2,7,6,mcts,8584,action_925,5.25
problem0045,4,8,1,2,2,7,6,minimax,235752,action_178,0.75
problem0045,4,8,1,2,2,7,6,mcts,8969,action_52,2.75
problem0045,4,8,1,2,2,7,6,minimax,235378,action_555,0.75
problem0045,4,8,1,2,2,7,6,mcts,8623,action_199,1.75
problem0045,4,8,1,2,2,7,6,minimax,237789,action_178,0.75
problem0045,4,8,1,2,2,7,6,mcts,8812,action_52,2.75
problem0045,4,8,1,2,2,7,8,minimax,1859528,action_199,0.75
problem0045,4,8,1,2,2,7,8,mcts,11579,action_555,2.75
problem0045,4,8,1,2,2,7,8,minimax,1888435,action_178,0.75
problem0045,4,8,1,2,2,7,8,mcts,11179,action_178,7.75
problem0045,4,8,1,2,2,7,8,minimax,1862184,action_773,0.75
problem0045,4,8,1,2,2,7,8,mcts,11444,action_178,4.75
problem0045,4,8,1,2,2,7,8,minimax,1857996,action_773,0.75
problem0045,4,8,1,2,2,7,8,mcts,11473,action_925,6.5
problem0045,4,8,1,2,2,7,8,minimax,1876065,action_873,0.75
problem0045,4,8,1,2,2,7,8,mcts,11665,action_52,5.5
problem0045,4,8,1,2,2,7,10,minimax,16116742,action_199,0.75
problem0045,4,8,1,2,2,7,10,mcts,14116,action_773,2.75
problem0045,4,8,1,2,2,7,10,minimax,16253448,action_178,0.75
problem0045,4,8,1,2,2,7,10,mcts,14882,action_52,5.5
problem0045,4,8,1,2,2,7,10,minimax,16182554,action_873,0.75
problem0045,4,8,1,2,2,7,10,mcts,14304,action_199,9.25
problem0045,4,8,1,2,2,7,10,minimax,16099066,action_199,0.75
problem0045,4,8,1,2,2,7,10,mcts,14103,action_773,5.0
problem0045,4,8,1,2,2,7,10,minimax,16133446,action_178,0.75
problem0045,4,8,1,2,2,7,10,mcts,14468,action_199,10.75
