Dataset,LanguageSize,NumConditionActionRules,EffectSize,NumOfRules,RuleSize,GoalSize,SearchDepth,Algorithm,Time,Decision,DecisionValue
problem0015,2,6,1,1,2,4,2,minimax,315,action_641,1.0
problem0015,2,6,1,1,2,4,2,mcts,245,action_668,2.0
problem0015,2,6,1,1,2,4,2,minimax,254,action_641,1.0
problem0015,2,6,1,1,2,4,2,mcts,249,action_641,1.0
problem0015,2,6,1,1,2,4,2,minimax,380,action_641,1.0
problem0015,2,6,1,1,2,4,2,mcts,241,action_641,3.0
problem0015,2,6,1,1,2,4,2,minimax,314,action_641,1.0
problem0015,2,6,1,1,2,4,2,mcts,401,action_679,2.5
problem0015,2,6,1,1,2,4,2,minimax,283,action_641,1.0
problem0015,2,6,1,1,2,4,2,mcts,313,action_641,2.0
problem0015,2,6,1,1,2,4,4,minimax,536,action_641,1.0
problem0015,2,6,1,1,2,4,4,mcts,528,action_810,2.0
problem0015,2,6,1,1,2,4,4,minimax,442,action_810,1.0
problem0015,2,6,1,1,2,4,4,mcts,656,action_540,2.5
problem0015,2,6,1,1,2,4,4,minimax,521,action_641,1.0
problem0015,2,6,1,1,2,4,4,mcts,682,action_810,2.0
problem0015,2,6,1,1,2,4,4,minimax,469,action_540,1.0
problem0015,2,6,1,1,2,4,4,mcts,551,action_641,4.0
problem0015,2,6,1,1,2,4,4,minimax,456,action_641,1.0
problem0015,2,6,1,1,2,4,4,mcts,588,action_679,2.0
problem0015,2,6,1,1,2,4,6,minimax,966,action_641,1.0
problem0015,2,6,1,1,2,4,6,mcts,888,action_540,3.0
problem0015,2,6,1,1,2,4,6,minimax,928,action_641,1.0
problem0015,2,6,1,1,2,4,6,mcts,974,action_641,5.0
problem0015,2,6,1,1,2,4,6,minimax,1011,action_540,1.0
problem0015,2,6,1,1,2,4,6,mcts,922,action_641,7.0
problem0015,2,6,1,1,2,4,6,minimax,1006,action_383,1.0
problem0015,2,6,1,1,2,4,6,mcts,922,action_810,4.0
problem0015,2,6,1,1,2,4,6,minimax,1001,action_810,1.0
problem0015,2,6,1,1,2,4,6,mcts,971,action_810,4.0
problem0015,2,6,1,1,2,4,8,minimax,1953,action_810,1.0
problem0015,2,6,1,1,2,4,8,mcts,1063,action_641,8.0
problem0015,2,6,1,1,2,4,8,minimax,2023,action_679,1.0
problem0015,2,6,1,1,2,4,8,mcts,1077,action_540,5.0
problem0015,2,6,1,1,2,4,8,minimax,1821,action_540,1.0
problem0015,2,6,1,1,2,4,8,mcts,1042,action_383,10.5
problem0015,2,6,1,1,2,4,8,minimax,1971,action_641,1.0
problem0015,2,6,1,1,2,4,8,mcts,1052,action_810,9.0
problem0015,2,6,1,1,2,4,8,minimax,1883,action_641,1.0
problem0015,2,6,1,1,2,4,8,mcts,1037,action_540,10.0
problem0015,2,6,1,1,2,4,10,minimax,3805,action_641,1.0
problem0015,2,6,1,1,2,4,10,mcts,1237,action_540,18.0
problem0015,2,6,1,1,2,4,10,minimax,3785,action_641,1.0
problem0015,2,6,1,1,2,4,10,mcts,1213,action_810,6.0
problem0015,2,6,1,1,2,4,10,minimax,3872,action_540,1.0
problem0015,2,6,1,1,2,4,10,mcts,1156,action_383,5.5
problem0015,2,6,1,1,2,4,10,minimax,3844,action_641,1.0
problem0015,2,6,1,1,2,4,10,mcts,1260,action_668,6.0
problem0015,2,6,1,1,2,4,10,minimax,3662,action_641,1.0
problem0015,2,6,1,1,2,4,10,mcts,1256,action_641,10.0
