Dataset,LanguageSize,NumConditionActionRules,EffectSize,NumOfRules,RuleSize,GoalSize,SearchDepth,Algorithm,Time,Decision,DecisionValue
problem0050,4,10,1,2,2,9,2,minimax,5172,action_246,0.25
problem0050,4,10,1,2,2,9,2,mcts,2897,action_264,0.25
problem0050,4,10,1,2,2,9,2,minimax,5493,action_246,0.25
problem0050,4,10,1,2,2,9,2,mcts,3240,action_246,1.25
problem0050,4,10,1,2,2,9,2,minimax,5453,action_343,0.25
problem0050,4,10,1,2,2,9,2,mcts,3383,action_975,2.5
problem0050,4,10,1,2,2,9,2,minimax,5307,action_975,0.25
problem0050,4,10,1,2,2,9,2,mcts,3157,action_988,1.25
problem0050,4,10,1,2,2,9,2,minimax,5523,action_343,0.25
problem0050,4,10,1,2,2,9,2,mcts,3049,action_343,1.0
problem0050,4,10,1,2,2,9,4,minimax,59022,action_343,1.0
problem0050,4,10,1,2,2,9,4,mcts,7302,action_246,3.75
problem0050,4,10,1,2,2,9,4,minimax,58979,action_343,1.0
problem0050,4,10,1,2,2,9,4,mcts,7135,action_924,4.75
problem0050,4,10,1,2,2,9,4,minimax,58703,action_343,1.0
problem0050,4,10,1,2,2,9,4,mcts,6982,action_975,2.5
problem0050,4,10,1,2,2,9,4,minimax,58973,action_343,1.0
problem0050,4,10,1,2,2,9,4,mcts,6967,action_246,1.75
problem0050,4,10,1,2,2,9,4,minimax,58284,action_343,1.0
problem0050,4,10,1,2,2,9,4,mcts,6950,action_246,1.75
problem0050,4,10,1,2,2,9,6,minimax,874986,action_246,1.0
problem0050,4,10,1,2,2,9,6,mcts,11346,action_714,3.25
problem0050,4,10,1,2,2,9,6,minimax,877519,action_246,1.0
problem0050,4,10,1,2,2,9,6,mcts,11376,action_343,3.75
problem0050,4,10,1,2,2,9,6,minimax,876615,action_343,1.0
problem0050,4,10,1,2,2,9,6,mcts,10987,action_886,2.5
problem0050,4,10,1,2,2,9,6,minimax,873325,action_246,1.0
problem0050,4,10,1,2,2,9,6,mcts,11217,action_988,1.25
problem0050,4,10,1,2,2,9,6,minimax,871515,action_343,1.0
problem0050,4,10,1,2,2,9,6,mcts,10597,action_246,5.25
problem0050,4,10,1,2,2,9,8,minimax,6085942,action_343,1.0
problem0050,4,10,1,2,2,9,8,mcts,15704,action_924,4.5
problem0050,4,10,1,2,2,9,8,minimax,6049860,action_343,1.0
problem0050,4,10,1,2,2,9,8,mcts,15129,action_975,6.25
problem0050,4,10,1,2,2,9,8,minimax,6083988,action_975,1.0
problem0050,4,10,1,2,2,9,8,mcts,16079,action_571,4.75
problem0050,4,10,1,2,2,9,8,minimax,6079891,action_975,1.0
problem0050,4,10,1,2,2,9,8,mcts,15711,action_975,4.75
problem0050,4,10,1,2,2,9,8,minimax,6098253,action_246,1.0
problem0050,4,10,1,2,2,9,8,mcts,15403,action_714,5.5
problem0050,4,10,1,2,2,9,10,minimax,42514345,action_711,1.0
problem0050,4,10,1,2,2,9,10,mcts,19112,action_924,4.75
problem0050,4,10,1,2,2,9,10,minimax,42073613,action_246,1.0
problem0050,4,10,1,2,2,9,10,mcts,19618,action_571,7.25
problem0050,4,10,1,2,2,9,10,minimax,42711962,action_246,1.0
problem0050,4,10,1,2,2,9,10,mcts,19351,action_714,8.0
problem0050,4,10,1,2,2,9,10,minimax,42282307,action_975,1.0
problem0050,4,10,1,2,2,9,10,mcts,18293,action_886,7.75
problem0050,4,10,1,2,2,9,10,minimax,42044483,action_246,1.0
problem0050,4,10,1,2,2,9,10,mcts,19426,action_924,9.25
