Dataset,LanguageSize,NumConditionActionRules,EffectSize,NumOfRules,RuleSize,GoalSize,SearchDepth,Algorithm,Time,Decision,DecisionValue
problem0047,4,10,1,2,2,6,2,minimax,4707,action_731,0.25
problem0047,4,10,1,2,2,6,2,mcts,2534,action_42,1.25
problem0047,4,10,1,2,2,6,2,minimax,4652,action_540,0.25
problem0047,4,10,1,2,2,6,2,mcts,2358,action_170,2.0
problem0047,4,10,1,2,2,6,2,minimax,4557,action_795,0.25
problem0047,4,10,1,2,2,6,2,mcts,2438,action_408,1.25
problem0047,4,10,1,2,2,6,2,minimax,4686,action_540,0.25
problem0047,4,10,1,2,2,6,2,mcts,2446,action_731,1.75
problem0047,4,10,1,2,2,6,2,minimax,4549,action_166,0.25
problem0047,4,10,1,2,2,6,2,mcts,2356,action_540,1.25
problem0047,4,10,1,2,2,6,4,minimax,43741,action_540,0.5
problem0047,4,10,1,2,2,6,4,mcts,7010,action_408,2.5
problem0047,4,10,1,2,2,6,4,minimax,43830,action_362,0.5
problem0047,4,10,1,2,2,6,4,mcts,6853,action_540,2.5
problem0047,4,10,1,2,2,6,4,minimax,43816,action_795,0.5
problem0047,4,10,1,2,2,6,4,mcts,6793,action_170,0.75
problem0047,4,10,1,2,2,6,4,minimax,43469,action_795,0.5
problem0047,4,10,1,2,2,6,4,mcts,6804,action_166,2.5
problem0047,4,10,1,2,2,6,4,minimax,43626,action_795,0.5
problem0047,4,10,1,2,2,6,4,mcts,6862,action_932,5.75
problem0047,4,10,1,2,2,6,6,minimax,291693,action_795,0.75
problem0047,4,10,1,2,2,6,6,mcts,9926,action_170,2.0
problem0047,4,10,1,2,2,6,6,minimax,290878,action_166,0.75
problem0047,4,10,1,2,2,6,6,mcts,10071,action_540,2.5
problem0047,4,10,1,2,2,6,6,minimax,293154,action_795,0.75
problem0047,4,10,1,2,2,6,6,mcts,10243,action_932,5.25
problem0047,4,10,1,2,2,6,6,minimax,295035,action_795,0.75
problem0047,4,10,1,2,2,6,6,mcts,10242,action_170,5.75
problem0047,4,10,1,2,2,6,6,minimax,294021,action_932,0.75
problem0047,4,10,1,2,2,6,6,mcts,9908,action_731,5.25
problem0047,4,10,1,2,2,6,8,minimax,2470322,action_795,0.75
problem0047,4,10,1,2,2,6,8,mcts,12703,action_731,3.75
problem0047,4,10,1,2,2,6,8,minimax,2548500,action_795,0.75
problem0047,4,10,1,2,2,6,8,mcts,13484,action_932,6.5
problem0047,4,10,1,2,2,6,8,minimax,2562917,action_795,0.75
problem0047,4,10,1,2,2,6,8,mcts,13279,action_932,3.0
problem0047,4,10,1,2,2,6,8,minimax,2553085,action_795,0.75
problem0047,4,10,1,2,2,6,8,mcts,13617,action_540,3.75
problem0047,4,10,1,2,2,6,8,minimax,2535700,action_166,0.75
problem0047,4,10,1,2,2,6,8,mcts,13387,action_408,3.0
problem0047,4,10,1,2,2,6,10,minimax,22653541,action_795,0.75
problem0047,4,10,1,2,2,6,10,mcts,15788,action_731,9.25
problem0047,4,10,1,2,2,6,10,minimax,22594086,action_166,0.75
problem0047,4,10,1,2,2,6,10,mcts,16439,action_166,7.5
problem0047,4,10,1,2,2,6,10,minimax,22465641,action_731,0.75
problem0047,4,10,1,2,2,6,10,mcts,15912,action_408,6.25
problem0047,4,10,1,2,2,6,10,minimax,22412491,action_166,0.75
problem0047,4,10,1,2,2,6,10,mcts,16221,action_170,8.0
problem0047,4,10,1,2,2,6,10,minimax,22441612,action_166,0.75
problem0047,4,10,1,2,2,6,10,mcts,15926,action_932,5.75
