Dataset,LanguageSize,NumConditionActionRules,EffectSize,NumOfRules,RuleSize,GoalSize,SearchDepth,Algorithm,Time,Decision,DecisionValue
problem0066,6,8,1,3,2,5,2,minimax,2823,action_37,0.3333333333333333
problem0066,6,8,1,3,2,5,2,mcts,2378,action_275,0.5
problem0066,6,8,1,3,2,5,2,minimax,2817,action_996,0.3333333333333333
problem0066,6,8,1,3,2,5,2,mcts,2294,action_136,1.1666666666666665
problem0066,6,8,1,3,2,5,2,minimax,2727,action_37,0.3333333333333333
problem0066,6,8,1,3,2,5,2,mcts,2486,action_37,1.0
problem0066,6,8,1,3,2,5,2,minimax,2790,action_136,0.3333333333333333
problem0066,6,8,1,3,2,5,2,mcts,2398,action_996,1.4999999999999998
problem0066,6,8,1,3,2,5,2,minimax,2672,action_556,0.3333333333333333
problem0066,6,8,1,3,2,5,2,mcts,2364,action_136,1.1666666666666665
problem0066,6,8,1,3,2,5,4,minimax,49488,action_37,0.3333333333333333
problem0066,6,8,1,3,2,5,4,mcts,5645,action_556,3.1666666666666665
problem0066,6,8,1,3,2,5,4,minimax,48473,action_37,0.3333333333333333
problem0066,6,8,1,3,2,5,4,mcts,5674,action_368,3.0
problem0066,6,8,1,3,2,5,4,minimax,48219,action_136,0.3333333333333333
problem0066,6,8,1,3,2,5,4,mcts,5940,action_368,3.0
problem0066,6,8,1,3,2,5,4,minimax,48990,action_37,0.3333333333333333
problem0066,6,8,1,3,2,5,4,mcts,5674,action_37,2.9999999999999996
problem0066,6,8,1,3,2,5,4,minimax,48174,action_136,0.3333333333333333
problem0066,6,8,1,3,2,5,4,mcts,5690,action_706,2.6666666666666665
problem0066,6,8,1,3,2,5,6,minimax,410818,action_996,0.5
problem0066,6,8,1,3,2,5,6,mcts,8527,action_368,1.5
problem0066,6,8,1,3,2,5,6,minimax,419336,action_368,0.5
problem0066,6,8,1,3,2,5,6,mcts,8417,action_996,4.666666666666667
problem0066,6,8,1,3,2,5,6,minimax,397363,action_368,0.5
problem0066,6,8,1,3,2,5,6,mcts,8505,action_706,4.833333333333333
problem0066,6,8,1,3,2,5,6,minimax,419371,action_37,0.5
problem0066,6,8,1,3,2,5,6,mcts,8485,action_275,6.333333333333334
problem0066,6,8,1,3,2,5,6,minimax,421009,action_136,0.5
problem0066,6,8,1,3,2,5,6,mcts,8402,action_368,2.0
problem0066,6,8,1,3,2,5,8,minimax,5181664,action_37,0.5
problem0066,6,8,1,3,2,5,8,mcts,11624,action_556,6.500000000000001
problem0066,6,8,1,3,2,5,8,minimax,5499096,action_136,0.5
problem0066,6,8,1,3,2,5,8,mcts,11433,action_996,2.5
problem0066,6,8,1,3,2,5,8,minimax,5328254,action_136,0.5
problem0066,6,8,1,3,2,5,8,mcts,11260,action_706,5.833333333333333
problem0066,6,8,1,3,2,5,8,minimax,5167088,action_368,0.5
problem0066,6,8,1,3,2,5,8,mcts,11282,action_136,4.666666666666667
problem0066,6,8,1,3,2,5,8,minimax,5178402,action_37,0.5
problem0066,6,8,1,3,2,5,8,mcts,11247,action_275,5.833333333333334
problem0066,6,8,1,3,2,5,10,minimax,80410007,action_368,0.5
problem0066,6,8,1,3,2,5,10,mcts,14390,action_136,7.333333333333334
problem0066,6,8,1,3,2,5,10,minimax,74451299,action_37,0.5
problem0066,6,8,1,3,2,5,10,mcts,14155,action_368,5.833333333333334
problem0066,6,8,1,3,2,5,10,minimax,79030418,action_136,0.5
problem0066,6,8,1,3,2,5,10,mcts,14654,action_556,9.333333333333334
problem0066,6,8,1,3,2,5,10,minimax,71157642,action_37,0.5
problem0066,6,8,1,3,2,5,10,mcts,13961,action_136,5.166666666666667
problem0066,6,8,1,3,2,5,10,minimax,83911433,action_136,0.5
problem0066,6,8,1,3,2,5,10,mcts,14403,action_368,6.333333333333334
