Dataset,LanguageSize,NumConditionActionRules,EffectSize,NumOfRules,RuleSize,GoalSize,SearchDepth,Algorithm,Time,Decision,DecisionValue
problem0010,2,4,1,1,2,4,2,minimax,631,action_51,0.5
problem0010,2,4,1,1,2,4,2,mcts,618,action_51,0.5
problem0010,2,4,1,1,2,4,2,minimax,322,action_51,0.5
problem0010,2,4,1,1,2,4,2,mcts,410,action_203,2.5
problem0010,2,4,1,1,2,4,2,minimax,278,action_911,0.5
problem0010,2,4,1,1,2,4,2,mcts,276,action_51,1.5
problem0010,2,4,1,1,2,4,2,minimax,309,action_203,0.5
problem0010,2,4,1,1,2,4,2,mcts,200,action_51,0.5
problem0010,2,4,1,1,2,4,2,minimax,193,action_203,0.5
problem0010,2,4,1,1,2,4,2,mcts,271,action_51,1.5
problem0010,2,4,1,1,2,4,4,minimax,445,action_203,1.0
problem0010,2,4,1,1,2,4,4,mcts,647,action_911,2.0
problem0010,2,4,1,1,2,4,4,minimax,408,action_911,1.0
problem0010,2,4,1,1,2,4,4,mcts,757,action_51,4.5
problem0010,2,4,1,1,2,4,4,minimax,357,action_203,1.0
problem0010,2,4,1,1,2,4,4,mcts,633,action_72,4.0
problem0010,2,4,1,1,2,4,4,minimax,414,action_203,1.0
problem0010,2,4,1,1,2,4,4,mcts,547,action_72,3.0
problem0010,2,4,1,1,2,4,4,minimax,440,action_72,1.0
problem0010,2,4,1,1,2,4,4,mcts,597,action_911,6.0
problem0010,2,4,1,1,2,4,6,minimax,683,action_203,1.0
problem0010,2,4,1,1,2,4,6,mcts,744,action_911,7.0
problem0010,2,4,1,1,2,4,6,minimax,663,action_203,1.0
problem0010,2,4,1,1,2,4,6,mcts,850,action_203,3.0
problem0010,2,4,1,1,2,4,6,minimax,723,action_911,1.0
problem0010,2,4,1,1,2,4,6,mcts,726,action_72,6.0
problem0010,2,4,1,1,2,4,6,minimax,613,action_51,1.0
problem0010,2,4,1,1,2,4,6,mcts,795,action_72,4.0
problem0010,2,4,1,1,2,4,6,minimax,741,action_203,1.0
problem0010,2,4,1,1,2,4,6,mcts,671,action_911,8.0
problem0010,2,4,1,1,2,4,8,minimax,1423,action_72,1.0
problem0010,2,4,1,1,2,4,8,mcts,810,action_72,7.0
problem0010,2,4,1,1,2,4,8,minimax,1269,action_203,1.0
problem0010,2,4,1,1,2,4,8,mcts,836,action_51,6.5
problem0010,2,4,1,1,2,4,8,minimax,1317,action_72,1.0
problem0010,2,4,1,1,2,4,8,mcts,855,action_72,10.0
problem0010,2,4,1,1,2,4,8,minimax,1292,action_203,1.0
problem0010,2,4,1,1,2,4,8,mcts,808,action_911,8.0
problem0010,2,4,1,1,2,4,8,minimax,1300,action_203,1.0
problem0010,2,4,1,1,2,4,8,mcts,766,action_72,9.0
problem0010,2,4,1,1,2,4,10,minimax,2717,action_203,1.0
problem0010,2,4,1,1,2,4,10,mcts,1099,action_51,11.5
problem0010,2,4,1,1,2,4,10,minimax,2666,action_72,1.0
problem0010,2,4,1,1,2,4,10,mcts,913,action_51,11.5
problem0010,2,4,1,1,2,4,10,minimax,2650,action_51,1.0
problem0010,2,4,1,1,2,4,10,mcts,834,action_72,9.0
problem0010,2,4,1,1,2,4,10,minimax,2845,action_203,1.0
problem0010,2,4,1,1,2,4,10,mcts,832,action_203,14.0
problem0010,2,4,1,1,2,4,10,minimax,2764,action_203,1.0
problem0010,2,4,1,1,2,4,10,mcts,871,action_203,9.0
