Dataset,LanguageSize,NumConditionActionRules,EffectSize,NumOfRules,RuleSize,GoalSize,SearchDepth,Algorithm,Time,Decision,DecisionValue
problem0038,4,6,1,2,2,10,2,minimax,3844,action_777,0.25
problem0038,4,6,1,2,2,10,2,mcts,2782,action_7,2.0
problem0038,4,6,1,2,2,10,2,minimax,3896,action_389,0.25
problem0038,4,6,1,2,2,10,2,mcts,2908,action_594,1.25
problem0038,4,6,1,2,2,10,2,minimax,3929,action_389,0.25
problem0038,4,6,1,2,2,10,2,mcts,2803,action_777,2.0
problem0038,4,6,1,2,2,10,2,minimax,4007,action_777,0.25
problem0038,4,6,1,2,2,10,2,mcts,2940,action_129,2.25
problem0038,4,6,1,2,2,10,2,minimax,3852,action_389,0.25
problem0038,4,6,1,2,2,10,2,mcts,2771,action_389,2.0
problem0038,4,6,1,2,2,10,4,minimax,38213,action_389,0.5
problem0038,4,6,1,2,2,10,4,mcts,6082,action_594,2.25
problem0038,4,6,1,2,2,10,4,minimax,37901,action_389,0.5
problem0038,4,6,1,2,2,10,4,mcts,6105,action_841,2.75
problem0038,4,6,1,2,2,10,4,minimax,36802,action_389,0.5
problem0038,4,6,1,2,2,10,4,mcts,6246,action_129,3.0
problem0038,4,6,1,2,2,10,4,minimax,38350,action_594,0.5
problem0038,4,6,1,2,2,10,4,mcts,6367,action_7,2.75
problem0038,4,6,1,2,2,10,4,minimax,37673,action_777,0.5
problem0038,4,6,1,2,2,10,4,mcts,6353,action_389,3.25
problem0038,4,6,1,2,2,10,6,minimax,210445,action_389,0.75
problem0038,4,6,1,2,2,10,6,mcts,8798,action_7,0.75
problem0038,4,6,1,2,2,10,6,minimax,211457,action_389,0.75
problem0038,4,6,1,2,2,10,6,mcts,8877,action_7,5.0
problem0038,4,6,1,2,2,10,6,minimax,212599,action_389,0.75
problem0038,4,6,1,2,2,10,6,mcts,9209,action_7,3.5
problem0038,4,6,1,2,2,10,6,minimax,211526,action_841,0.75
problem0038,4,6,1,2,2,10,6,mcts,9301,action_129,4.75
problem0038,4,6,1,2,2,10,6,minimax,212043,action_129,0.75
problem0038,4,6,1,2,2,10,6,mcts,8958,action_841,2.75
problem0038,4,6,1,2,2,10,8,minimax,1392972,action_389,0.75
problem0038,4,6,1,2,2,10,8,mcts,12322,action_129,6.75
problem0038,4,6,1,2,2,10,8,minimax,1393421,action_389,0.75
problem0038,4,6,1,2,2,10,8,mcts,11897,action_129,8.0
problem0038,4,6,1,2,2,10,8,minimax,1422165,action_777,0.75
problem0038,4,6,1,2,2,10,8,mcts,11777,action_389,4.5
problem0038,4,6,1,2,2,10,8,minimax,1402551,action_129,0.75
problem0038,4,6,1,2,2,10,8,mcts,12274,action_7,6.0
problem0038,4,6,1,2,2,10,8,minimax,1391679,action_389,0.75
problem0038,4,6,1,2,2,10,8,mcts,11779,action_129,2.5
problem0038,4,6,1,2,2,10,10,minimax,9437431,action_389,0.75
problem0038,4,6,1,2,2,10,10,mcts,14799,action_7,7.75
problem0038,4,6,1,2,2,10,10,minimax,9665107,action_389,0.75
problem0038,4,6,1,2,2,10,10,mcts,14739,action_777,10.0
problem0038,4,6,1,2,2,10,10,minimax,9515304,action_777,0.75
problem0038,4,6,1,2,2,10,10,mcts,14686,action_389,6.75
problem0038,4,6,1,2,2,10,10,minimax,9543137,action_129,0.75
problem0038,4,6,1,2,2,10,10,mcts,16298,action_841,7.25
problem0038,4,6,1,2,2,10,10,minimax,9541690,action_841,0.75
problem0038,4,6,1,2,2,10,10,mcts,14747,action_389,12.25
