Dataset,LanguageSize,NumConditionActionRules,EffectSize,NumOfRules,RuleSize,GoalSize,SearchDepth,Algorithm,Time,Decision,DecisionValue
problem0059,6,4,1,3,2,9,2,minimax,5642,action_300,0.3333333333333333
problem0059,6,4,1,3,2,9,2,mcts,3680,action_672,2.8333333333333335
problem0059,6,4,1,3,2,9,2,minimax,5617,action_300,0.3333333333333333
problem0059,6,4,1,3,2,9,2,mcts,3622,action_439,0.6666666666666666
problem0059,6,4,1,3,2,9,2,minimax,5734,action_300,0.3333333333333333
problem0059,6,4,1,3,2,9,2,mcts,3782,action_248,1.1666666666666667
problem0059,6,4,1,3,2,9,2,minimax,5512,action_300,0.3333333333333333
problem0059,6,4,1,3,2,9,2,mcts,3540,action_439,1.8333333333333333
problem0059,6,4,1,3,2,9,2,minimax,5520,action_300,0.3333333333333333
problem0059,6,4,1,3,2,9,2,mcts,3553,action_248,1.1666666666666667
problem0059,6,4,1,3,2,9,4,minimax,95046,action_248,0.5
problem0059,6,4,1,3,2,9,4,mcts,7562,action_248,5.333333333333334
problem0059,6,4,1,3,2,9,4,minimax,95264,action_672,0.5
problem0059,6,4,1,3,2,9,4,mcts,7796,action_672,4.166666666666667
problem0059,6,4,1,3,2,9,4,minimax,140998,action_672,0.3333333333333333
problem0059,6,4,1,3,2,9,4,mcts,7617,action_672,2.333333333333333
problem0059,6,4,1,3,2,9,4,minimax,94071,action_248,0.5
problem0059,6,4,1,3,2,9,4,mcts,7847,action_248,3.3333333333333335
problem0059,6,4,1,3,2,9,4,minimax,94777,action_672,0.5
problem0059,6,4,1,3,2,9,4,mcts,7407,action_439,5.0
problem0059,6,4,1,3,2,9,6,minimax,873574,action_300,0.5
problem0059,6,4,1,3,2,9,6,mcts,11736,action_672,4.166666666666667
problem0059,6,4,1,3,2,9,6,minimax,869788,action_672,0.5
problem0059,6,4,1,3,2,9,6,mcts,11573,action_672,5.166666666666667
problem0059,6,4,1,3,2,9,6,minimax,873247,action_300,0.5
problem0059,6,4,1,3,2,9,6,mcts,11174,action_672,5.166666666666667
problem0059,6,4,1,3,2,9,6,minimax,863896,action_300,0.5
problem0059,6,4,1,3,2,9,6,mcts,11847,action_248,4.833333333333334
problem0059,6,4,1,3,2,9,6,minimax,862206,action_300,0.5
problem0059,6,4,1,3,2,9,6,mcts,11741,action_672,6.0
problem0059,6,4,1,3,2,9,8,minimax,8534224,action_672,0.5
problem0059,6,4,1,3,2,9,8,mcts,16043,action_300,13.33333333333333
problem0059,6,4,1,3,2,9,8,minimax,8827299,action_300,0.5
problem0059,6,4,1,3,2,9,8,mcts,19100,action_439,5.5
problem0059,6,4,1,3,2,9,8,minimax,9056287,action_672,0.5
problem0059,6,4,1,3,2,9,8,mcts,15965,action_300,6.166666666666666
problem0059,6,4,1,3,2,9,8,minimax,8960008,action_248,0.5
problem0059,6,4,1,3,2,9,8,mcts,15964,action_672,3.8333333333333335
problem0059,6,4,1,3,2,9,8,minimax,9149272,action_672,0.5
problem0059,6,4,1,3,2,9,8,mcts,16261,action_439,11.333333333333334
problem0059,6,4,1,3,2,9,10,minimax,90209205,action_300,0.5
problem0059,6,4,1,3,2,9,10,mcts,21259,action_300,12.666666666666663
problem0059,6,4,1,3,2,9,10,minimax,90419235,action_300,0.5
problem0059,6,4,1,3,2,9,10,mcts,20705,action_248,10.16666666666667
problem0059,6,4,1,3,2,9,10,minimax,91766984,action_300,0.5
problem0059,6,4,1,3,2,9,10,mcts,21244,action_672,9.833333333333334
problem0059,6,4,1,3,2,9,10,minimax,93194888,action_300,0.5
problem0059,6,4,1,3,2,9,10,mcts,21331,action_300,13.999999999999996
problem0059,6,4,1,3,2,9,10,minimax,93372337,action_300,0.5
problem0059,6,4,1,3,2,9,10,mcts,21100,action_300,8.833333333333332
