Dataset,LanguageSize,NumConditionActionRules,EffectSize,NumOfRules,RuleSize,GoalSize,SearchDepth,Algorithm,Time,Decision,DecisionValue
problem0063,6,6,1,3,2,7,2,minimax,5401,action_552,0.16666666666666666
problem0063,6,6,1,3,2,7,2,mcts,3233,action_552,1.6666666666666665
problem0063,6,6,1,3,2,7,2,minimax,5495,action_552,0.16666666666666666
problem0063,6,6,1,3,2,7,2,mcts,3227,action_86,1.1666666666666667
problem0063,6,6,1,3,2,7,2,minimax,5469,action_552,0.16666666666666666
problem0063,6,6,1,3,2,7,2,mcts,3327,action_552,1.6666666666666665
problem0063,6,6,1,3,2,7,2,minimax,5511,action_552,0.16666666666666666
problem0063,6,6,1,3,2,7,2,mcts,3115,action_552,1.6666666666666665
problem0063,6,6,1,3,2,7,2,minimax,5295,action_786,0.16666666666666666
problem0063,6,6,1,3,2,7,2,mcts,3268,action_912,0.3333333333333333
problem0063,6,6,1,3,2,7,4,minimax,80042,action_552,0.3333333333333333
problem0063,6,6,1,3,2,7,4,mcts,7247,action_86,0.8333333333333333
problem0063,6,6,1,3,2,7,4,minimax,80590,action_552,0.3333333333333333
problem0063,6,6,1,3,2,7,4,mcts,7385,action_537,1.1666666666666665
problem0063,6,6,1,3,2,7,4,minimax,82442,action_552,0.3333333333333333
problem0063,6,6,1,3,2,7,4,mcts,7447,action_86,1.3333333333333333
problem0063,6,6,1,3,2,7,4,minimax,79344,action_552,0.3333333333333333
problem0063,6,6,1,3,2,7,4,mcts,7373,action_786,2.6666666666666665
problem0063,6,6,1,3,2,7,4,minimax,79789,action_86,0.3333333333333333
problem0063,6,6,1,3,2,7,4,mcts,7108,action_580,0.5
problem0063,6,6,1,3,2,7,6,minimax,3005911,action_86,0.5
problem0063,6,6,1,3,2,7,6,mcts,10682,action_786,2.6666666666666665
problem0063,6,6,1,3,2,7,6,minimax,2577942,action_552,0.5
problem0063,6,6,1,3,2,7,6,mcts,10405,action_580,2.0
problem0063,6,6,1,3,2,7,6,minimax,1505921,action_552,0.5
problem0063,6,6,1,3,2,7,6,mcts,10192,action_552,3.8333333333333335
problem0063,6,6,1,3,2,7,6,minimax,2413071,action_552,0.5
problem0063,6,6,1,3,2,7,6,mcts,10856,action_537,3.1666666666666665
problem0063,6,6,1,3,2,7,6,minimax,2294005,action_552,0.5
problem0063,6,6,1,3,2,7,6,mcts,10495,action_786,4.5
problem0063,6,6,1,3,2,7,8,minimax,19463140,action_552,0.5
problem0063,6,6,1,3,2,7,8,mcts,14152,action_912,4.333333333333333
problem0063,6,6,1,3,2,7,8,minimax,19910486,action_552,0.5
problem0063,6,6,1,3,2,7,8,mcts,14476,action_552,3.8333333333333335
problem0063,6,6,1,3,2,7,8,minimax,18937569,action_552,0.5
problem0063,6,6,1,3,2,7,8,mcts,13934,action_552,3.3333333333333335
problem0063,6,6,1,3,2,7,8,minimax,23086863,action_786,0.5
problem0063,6,6,1,3,2,7,8,mcts,14041,action_912,5.333333333333333
problem0063,6,6,1,3,2,7,8,minimax,20820725,action_786,0.5
problem0063,6,6,1,3,2,7,8,mcts,13889,action_552,9.5
problem0063,6,6,1,3,2,7,10,minimax,205817139,action_786,0.5
problem0063,6,6,1,3,2,7,10,mcts,17628,action_552,10.333333333333332
problem0063,6,6,1,3,2,7,10,minimax,219937538,action_786,0.5
problem0063,6,6,1,3,2,7,10,mcts,18389,action_580,2.5
