Dataset,LanguageSize,NumConditionActionRules,EffectSize,NumOfRules,RuleSize,GoalSize,SearchDepth,Algorithm,Time,Decision,DecisionValue
problem0060,6,4,1,3,2,9,2,minimax,4048,action_623,0.5
problem0060,6,4,1,3,2,9,2,mcts,3269,action_591,1.9999999999999998
problem0060,6,4,1,3,2,9,2,minimax,4090,action_623,0.5
problem0060,6,4,1,3,2,9,2,mcts,3213,action_623,2.0
problem0060,6,4,1,3,2,9,2,minimax,3902,action_610,0.5
problem0060,6,4,1,3,2,9,2,mcts,3378,action_591,2.5
problem0060,6,4,1,3,2,9,2,minimax,4104,action_30,0.5
problem0060,6,4,1,3,2,9,2,mcts,3252,action_623,3.833333333333333
problem0060,6,4,1,3,2,9,2,minimax,3889,action_30,0.5
problem0060,6,4,1,3,2,9,2,mcts,3407,action_623,1.5
problem0060,6,4,1,3,2,9,4,minimax,33173,action_591,0.5
problem0060,6,4,1,3,2,9,4,mcts,7022,action_30,6.5
problem0060,6,4,1,3,2,9,4,minimax,33418,action_610,0.5
problem0060,6,4,1,3,2,9,4,mcts,6825,action_623,5.5
problem0060,6,4,1,3,2,9,4,minimax,33590,action_623,0.5
problem0060,6,4,1,3,2,9,4,mcts,7073,action_591,4.166666666666667
problem0060,6,4,1,3,2,9,4,minimax,33326,action_610,0.5
problem0060,6,4,1,3,2,9,4,mcts,6967,action_591,3.5
problem0060,6,4,1,3,2,9,4,minimax,33694,action_610,0.5
problem0060,6,4,1,3,2,9,4,mcts,7070,action_610,6.0
problem0060,6,4,1,3,2,9,6,minimax,271872,action_610,0.5
problem0060,6,4,1,3,2,9,6,mcts,10980,action_30,6.0
problem0060,6,4,1,3,2,9,6,minimax,271628,action_610,0.5
problem0060,6,4,1,3,2,9,6,mcts,10808,action_623,8.0
problem0060,6,4,1,3,2,9,6,minimax,274679,action_30,0.5
problem0060,6,4,1,3,2,9,6,mcts,10710,action_30,6.0
problem0060,6,4,1,3,2,9,6,minimax,274161,action_610,0.5
problem0060,6,4,1,3,2,9,6,mcts,10745,action_610,8.333333333333334
problem0060,6,4,1,3,2,9,6,minimax,274303,action_610,0.5
problem0060,6,4,1,3,2,9,6,mcts,11185,action_610,7.833333333333334
problem0060,6,4,1,3,2,9,8,minimax,2404776,action_623,0.5
problem0060,6,4,1,3,2,9,8,mcts,15323,action_623,10.5
problem0060,6,4,1,3,2,9,8,minimax,2406622,action_30,0.5
problem0060,6,4,1,3,2,9,8,mcts,15598,action_30,8.166666666666666
problem0060,6,4,1,3,2,9,8,minimax,2409879,action_610,0.5
problem0060,6,4,1,3,2,9,8,mcts,15523,action_610,9.333333333333334
problem0060,6,4,1,3,2,9,8,minimax,2408460,action_623,0.5
problem0060,6,4,1,3,2,9,8,mcts,15259,action_591,8.0
problem0060,6,4,1,3,2,9,8,minimax,2407863,action_623,0.5
problem0060,6,4,1,3,2,9,8,mcts,15099,action_591,9.166666666666668
problem0060,6,4,1,3,2,9,10,minimax,22724976,action_610,0.5
problem0060,6,4,1,3,2,9,10,mcts,19717,action_30,11.999999999999998
problem0060,6,4,1,3,2,9,10,minimax,22908950,action_610,0.5
problem0060,6,4,1,3,2,9,10,mcts,19319,action_30,11.5
problem0060,6,4,1,3,2,9,10,minimax,23327027,action_623,0.5
problem0060,6,4,1,3,2,9,10,mcts,19780,action_623,17.333333333333332
problem0060,6,4,1,3,2,9,10,minimax,22757149,action_30,0.5
problem0060,6,4,1,3,2,9,10,mcts,18876,action_610,19.333333333333332
problem0060,6,4,1,3,2,9,10,minimax,23005594,action_623,0.5
problem0060,6,4,1,3,2,9,10,mcts,20013,action_610,6.5
