Dataset,LanguageSize,NumConditionActionRules,EffectSize,NumOfRules,RuleSize,GoalSize,SearchDepth,Algorithm,Time,Decision,DecisionValue
problem0035,4,4,1,2,2,9,2,minimax,2417,action_533,0.25
problem0035,4,4,1,2,2,9,2,mcts,2020,action_86,1.5
problem0035,4,4,1,2,2,9,2,minimax,2431,action_86,0.25
problem0035,4,4,1,2,2,9,2,mcts,1981,action_530,1.25
problem0035,4,4,1,2,2,9,2,minimax,2650,action_533,0.25
problem0035,4,4,1,2,2,9,2,mcts,1958,action_184,3.25
problem0035,4,4,1,2,2,9,2,minimax,2480,action_530,0.25
problem0035,4,4,1,2,2,9,2,mcts,2082,action_530,2.25
problem0035,4,4,1,2,2,9,2,minimax,2499,action_530,0.25
problem0035,4,4,1,2,2,9,2,mcts,1925,action_533,2.25
problem0035,4,4,1,2,2,9,4,minimax,21201,action_530,0.5
problem0035,4,4,1,2,2,9,4,mcts,3714,action_86,3.5
problem0035,4,4,1,2,2,9,4,minimax,20667,action_530,0.5
problem0035,4,4,1,2,2,9,4,mcts,3962,action_530,4.75
problem0035,4,4,1,2,2,9,4,minimax,20756,action_533,0.5
problem0035,4,4,1,2,2,9,4,mcts,4057,action_184,1.75
problem0035,4,4,1,2,2,9,4,minimax,20374,action_530,0.5
problem0035,4,4,1,2,2,9,4,mcts,3852,action_533,4.75
problem0035,4,4,1,2,2,9,4,minimax,21237,action_184,0.5
problem0035,4,4,1,2,2,9,4,mcts,3909,action_533,5.5
problem0035,4,4,1,2,2,9,6,minimax,171492,action_533,0.5
problem0035,4,4,1,2,2,9,6,mcts,6048,action_86,9.0
problem0035,4,4,1,2,2,9,6,minimax,169795,action_530,0.5
problem0035,4,4,1,2,2,9,6,mcts,6010,action_530,8.5
problem0035,4,4,1,2,2,9,6,minimax,171112,action_530,0.5
problem0035,4,4,1,2,2,9,6,mcts,6244,action_530,6.25
problem0035,4,4,1,2,2,9,6,minimax,172122,action_530,0.5
problem0035,4,4,1,2,2,9,6,mcts,6555,action_533,11.25
problem0035,4,4,1,2,2,9,6,minimax,169655,action_530,0.5
problem0035,4,4,1,2,2,9,6,mcts,5010,action_533,9.25
problem0035,4,4,1,2,2,9,8,minimax,1272371,action_533,0.5
problem0035,4,4,1,2,2,9,8,mcts,7647,action_530,14.0
problem0035,4,4,1,2,2,9,8,minimax,1231410,action_530,0.5
problem0035,4,4,1,2,2,9,8,mcts,7669,action_530,7.25
problem0035,4,4,1,2,2,9,8,minimax,1211670,action_533,0.5
problem0035,4,4,1,2,2,9,8,mcts,8143,action_530,7.25
problem0035,4,4,1,2,2,9,8,minimax,1225886,action_533,0.5
problem0035,4,4,1,2,2,9,8,mcts,8221,action_533,12.0
problem0035,4,4,1,2,2,9,8,minimax,1232376,action_86,0.5
problem0035,4,4,1,2,2,9,8,mcts,8053,action_86,10.75
problem0035,4,4,1,2,2,9,10,minimax,8264416,action_533,0.5
problem0035,4,4,1,2,2,9,10,mcts,10328,action_86,11.0
problem0035,4,4,1,2,2,9,10,minimax,8567276,action_530,0.5
problem0035,4,4,1,2,2,9,10,mcts,10376,action_530,11.5
problem0035,4,4,1,2,2,9,10,minimax,8738745,action_530,0.5
problem0035,4,4,1,2,2,9,10,mcts,10319,action_184,12.5
problem0035,4,4,1,2,2,9,10,minimax,8727675,action_533,0.5
problem0035,4,4,1,2,2,9,10,mcts,10213,action_530,11.0
problem0035,4,4,1,2,2,9,10,minimax,8041414,action_184,0.5
problem0035,4,4,1,2,2,9,10,mcts,10308,action_530,12.75
