Dataset,LanguageSize,NumConditionActionRules,EffectSize,NumOfRules,RuleSize,GoalSize,SearchDepth,Algorithm,Time,Decision,DecisionValue
problem0005,2,2,1,1,2,4,2,minimax,46,action_799,1.0
problem0005,2,2,1,1,2,4,2,mcts,55,action_135,4.0
problem0005,2,2,1,1,2,4,2,minimax,29,action_135,1.0
problem0005,2,2,1,1,2,4,2,mcts,37,action_135,2.0
problem0005,2,2,1,1,2,4,2,minimax,6,action_135,1.0
problem0005,2,2,1,1,2,4,2,mcts,18,action_799,2.0
problem0005,2,2,1,1,2,4,2,minimax,7,action_799,1.0
problem0005,2,2,1,1,2,4,2,mcts,48,action_135,3.0
problem0005,2,2,1,1,2,4,2,minimax,3,action_799,1.0
problem0005,2,2,1,1,2,4,2,mcts,38,action_135,4.0
problem0005,2,2,1,1,2,4,4,minimax,26,action_135,1.0
problem0005,2,2,1,1,2,4,4,mcts,89,action_799,7.0
problem0005,2,2,1,1,2,4,4,minimax,19,action_799,1.0
problem0005,2,2,1,1,2,4,4,mcts,71,action_799,8.0
problem0005,2,2,1,1,2,4,4,minimax,10,action_135,1.0
problem0005,2,2,1,1,2,4,4,mcts,89,action_135,5.0
problem0005,2,2,1,1,2,4,4,minimax,15,action_135,1.0
problem0005,2,2,1,1,2,4,4,mcts,118,action_135,6.0
problem0005,2,2,1,1,2,4,4,minimax,29,action_135,1.0
problem0005,2,2,1,1,2,4,4,mcts,76,action_135,7.0
problem0005,2,2,1,1,2,4,6,minimax,8,action_135,1.0
problem0005,2,2,1,1,2,4,6,mcts,141,action_135,17.0
problem0005,2,2,1,1,2,4,6,minimax,21,action_799,1.0
problem0005,2,2,1,1,2,4,6,mcts,98,action_135,13.0
problem0005,2,2,1,1,2,4,6,minimax,9,action_799,1.0
problem0005,2,2,1,1,2,4,6,mcts,95,action_799,9.0
problem0005,2,2,1,1,2,4,6,minimax,10,action_799,1.0
problem0005,2,2,1,1,2,4,6,mcts,55,action_799,8.0
problem0005,2,2,1,1,2,4,6,minimax,18,action_799,1.0
problem0005,2,2,1,1,2,4,6,mcts,65,action_135,12.0
problem0005,2,2,1,1,2,4,8,minimax,5,action_799,1.0
problem0005,2,2,1,1,2,4,8,mcts,76,action_135,14.0
problem0005,2,2,1,1,2,4,8,minimax,3,action_135,1.0
problem0005,2,2,1,1,2,4,8,mcts,69,action_799,10.0
problem0005,2,2,1,1,2,4,8,minimax,3,action_799,1.0
problem0005,2,2,1,1,2,4,8,mcts,54,action_135,11.0
problem0005,2,2,1,1,2,4,8,minimax,12,action_799,1.0
problem0005,2,2,1,1,2,4,8,mcts,61,action_135,18.0
problem0005,2,2,1,1,2,4,8,minimax,25,action_135,1.0
problem0005,2,2,1,1,2,4,8,mcts,158,action_135,8.0
problem0005,2,2,1,1,2,4,10,minimax,7,action_799,1.0
problem0005,2,2,1,1,2,4,10,mcts,111,action_799,24.0
problem0005,2,2,1,1,2,4,10,minimax,6,action_135,1.0
problem0005,2,2,1,1,2,4,10,mcts,64,action_799,17.0
problem0005,2,2,1,1,2,4,10,minimax,3,action_799,1.0
problem0005,2,2,1,1,2,4,10,mcts,65,action_799,21.0
problem0005,2,2,1,1,2,4,10,minimax,5,action_135,1.0
problem0005,2,2,1,1,2,4,10,mcts,56,action_135,14.0
problem0005,2,2,1,1,2,4,10,minimax,28,action_135,1.0
problem0005,2,2,1,1,2,4,10,mcts,124,action_799,17.0
