Dataset,LanguageSize,NumConditionActionRules,EffectSize,NumOfRules,RuleSize,GoalSize,SearchDepth,Algorithm,Time,Decision,DecisionValue
problem0020,2,8,1,1,2,4,2,minimax,343,action_564,1.0
problem0020,2,8,1,1,2,4,2,mcts,379,action_179,2.0
problem0020,2,8,1,1,2,4,2,minimax,319,action_179,1.0
problem0020,2,8,1,1,2,4,2,mcts,440,action_110,0.5
problem0020,2,8,1,1,2,4,2,minimax,314,action_564,1.0
problem0020,2,8,1,1,2,4,2,mcts,406,action_564,1.0
problem0020,2,8,1,1,2,4,2,minimax,340,action_503,1.0
problem0020,2,8,1,1,2,4,2,mcts,360,action_564,1.0
problem0020,2,8,1,1,2,4,2,minimax,310,action_179,1.0
problem0020,2,8,1,1,2,4,2,mcts,359,action_371,2.0
problem0020,2,8,1,1,2,4,4,minimax,1214,action_179,1.0
problem0020,2,8,1,1,2,4,4,mcts,633,action_503,2.0
problem0020,2,8,1,1,2,4,4,minimax,1403,action_179,1.0
problem0020,2,8,1,1,2,4,4,mcts,645,action_794,0.5
problem0020,2,8,1,1,2,4,4,minimax,1357,action_564,1.0
problem0020,2,8,1,1,2,4,4,mcts,605,action_110,2.5
problem0020,2,8,1,1,2,4,4,minimax,1374,action_179,1.0
problem0020,2,8,1,1,2,4,4,mcts,599,action_503,1.0
problem0020,2,8,1,1,2,4,4,minimax,1362,action_794,1.0
problem0020,2,8,1,1,2,4,4,mcts,458,action_503,4.0
problem0020,2,8,1,1,2,4,6,minimax,5257,action_564,1.0
problem0020,2,8,1,1,2,4,6,mcts,775,action_253,4.5
problem0020,2,8,1,1,2,4,6,minimax,5299,action_179,1.0
problem0020,2,8,1,1,2,4,6,mcts,859,action_503,5.0
problem0020,2,8,1,1,2,4,6,minimax,5582,action_564,1.0
problem0020,2,8,1,1,2,4,6,mcts,690,action_794,1.5
problem0020,2,8,1,1,2,4,6,minimax,5405,action_247,1.0
problem0020,2,8,1,1,2,4,6,mcts,1012,action_371,4.0
problem0020,2,8,1,1,2,4,6,minimax,5363,action_564,1.0
problem0020,2,8,1,1,2,4,6,mcts,871,action_794,6.0
problem0020,2,8,1,1,2,4,8,minimax,21794,action_564,1.0
problem0020,2,8,1,1,2,4,8,mcts,1141,action_253,8.5
problem0020,2,8,1,1,2,4,8,minimax,21472,action_179,1.0
problem0020,2,8,1,1,2,4,8,mcts,902,action_179,5.0
problem0020,2,8,1,1,2,4,8,minimax,23107,action_564,1.0
problem0020,2,8,1,1,2,4,8,mcts,1047,action_564,9.0
problem0020,2,8,1,1,2,4,8,minimax,23012,action_564,1.0
problem0020,2,8,1,1,2,4,8,mcts,1046,action_179,7.0
problem0020,2,8,1,1,2,4,8,minimax,23079,action_179,1.0
problem0020,2,8,1,1,2,4,8,mcts,1117,action_371,5.0
problem0020,2,8,1,1,2,4,10,minimax,92110,action_564,1.0
problem0020,2,8,1,1,2,4,10,mcts,1223,action_794,7.5
problem0020,2,8,1,1,2,4,10,minimax,91647,action_179,1.0
problem0020,2,8,1,1,2,4,10,mcts,1264,action_794,11.0
problem0020,2,8,1,1,2,4,10,minimax,93015,action_253,1.0
problem0020,2,8,1,1,2,4,10,mcts,1130,action_253,6.5
problem0020,2,8,1,1,2,4,10,minimax,91973,action_564,1.0
problem0020,2,8,1,1,2,4,10,mcts,1343,action_503,14.0
problem0020,2,8,1,1,2,4,10,minimax,92432,action_564,1.0
problem0020,2,8,1,1,2,4,10,mcts,1569,action_179,4.0
