Dataset,LanguageSize,NumConditionActionRules,EffectSize,NumOfRules,RuleSize,GoalSize,SearchDepth,Algorithm,Time,Decision,DecisionValue
problem0006,2,4,1,1,2,4,2,minimax,191,action_115,1.0
problem0006,2,4,1,1,2,4,2,mcts,364,action_813,2.0
problem0006,2,4,1,1,2,4,2,minimax,268,action_115,1.0
problem0006,2,4,1,1,2,4,2,mcts,307,action_389,1.0
problem0006,2,4,1,1,2,4,2,minimax,165,action_115,1.0
problem0006,2,4,1,1,2,4,2,mcts,162,action_813,2.0
problem0006,2,4,1,1,2,4,2,minimax,110,action_115,1.0
problem0006,2,4,1,1,2,4,2,mcts,226,action_159,1.0
problem0006,2,4,1,1,2,4,2,minimax,115,action_159,1.0
problem0006,2,4,1,1,2,4,2,mcts,134,action_115,2.0
problem0006,2,4,1,1,2,4,4,minimax,81,action_389,1.0
problem0006,2,4,1,1,2,4,4,mcts,247,action_159,3.0
problem0006,2,4,1,1,2,4,4,minimax,65,action_389,1.0
problem0006,2,4,1,1,2,4,4,mcts,215,action_813,4.0
problem0006,2,4,1,1,2,4,4,minimax,143,action_159,1.0
problem0006,2,4,1,1,2,4,4,mcts,267,action_813,3.0
problem0006,2,4,1,1,2,4,4,minimax,79,action_389,1.0
problem0006,2,4,1,1,2,4,4,mcts,183,action_115,6.0
problem0006,2,4,1,1,2,4,4,minimax,114,action_389,1.0
problem0006,2,4,1,1,2,4,4,mcts,360,action_389,6.0
problem0006,2,4,1,1,2,4,6,minimax,98,action_389,1.0
problem0006,2,4,1,1,2,4,6,mcts,265,action_389,6.0
problem0006,2,4,1,1,2,4,6,minimax,81,action_389,1.0
problem0006,2,4,1,1,2,4,6,mcts,362,action_159,8.0
problem0006,2,4,1,1,2,4,6,minimax,132,action_115,1.0
problem0006,2,4,1,1,2,4,6,mcts,412,action_159,8.0
problem0006,2,4,1,1,2,4,6,minimax,125,action_389,1.0
problem0006,2,4,1,1,2,4,6,mcts,468,action_115,5.0
problem0006,2,4,1,1,2,4,6,minimax,118,action_813,1.0
problem0006,2,4,1,1,2,4,6,mcts,339,action_389,11.0
problem0006,2,4,1,1,2,4,8,minimax,68,action_115,1.0
problem0006,2,4,1,1,2,4,8,mcts,543,action_813,7.0
problem0006,2,4,1,1,2,4,8,minimax,104,action_389,1.0
problem0006,2,4,1,1,2,4,8,mcts,367,action_389,10.0
problem0006,2,4,1,1,2,4,8,minimax,84,action_813,1.0
problem0006,2,4,1,1,2,4,8,mcts,574,action_813,10.0
problem0006,2,4,1,1,2,4,8,minimax,105,action_389,1.0
problem0006,2,4,1,1,2,4,8,mcts,473,action_115,7.0
problem0006,2,4,1,1,2,4,8,minimax,99,action_389,1.0
problem0006,2,4,1,1,2,4,8,mcts,454,action_159,14.0
problem0006,2,4,1,1,2,4,10,minimax,82,action_159,1.0
problem0006,2,4,1,1,2,4,10,mcts,422,action_813,15.0
problem0006,2,4,1,1,2,4,10,minimax,121,action_389,1.0
problem0006,2,4,1,1,2,4,10,mcts,437,action_389,10.0
problem0006,2,4,1,1,2,4,10,minimax,73,action_159,1.0
problem0006,2,4,1,1,2,4,10,mcts,375,action_389,9.0
problem0006,2,4,1,1,2,4,10,minimax,90,action_159,1.0
problem0006,2,4,1,1,2,4,10,mcts,490,action_813,15.0
problem0006,2,4,1,1,2,4,10,minimax,59,action_159,1.0
problem0006,2,4,1,1,2,4,10,mcts,560,action_115,8.0
