Dataset,LanguageSize,NumConditionActionRules,EffectSize,NumOfRules,RuleSize,GoalSize,SearchDepth,Algorithm,Time,Decision,DecisionValue
problem0033,4,4,1,2,2,9,2,minimax,1973,action_158,0.5
problem0033,4,4,1,2,2,9,2,mcts,1854,action_158,2.25
problem0033,4,4,1,2,2,9,2,minimax,1882,action_695,0.5
problem0033,4,4,1,2,2,9,2,mcts,1771,action_695,2.0
problem0033,4,4,1,2,2,9,2,minimax,1882,action_602,0.5
problem0033,4,4,1,2,2,9,2,mcts,1773,action_302,2.5
problem0033,4,4,1,2,2,9,2,minimax,1989,action_602,0.5
problem0033,4,4,1,2,2,9,2,mcts,1791,action_602,2.0
problem0033,4,4,1,2,2,9,2,minimax,1832,action_695,0.5
problem0033,4,4,1,2,2,9,2,mcts,1776,action_695,2.0
problem0033,4,4,1,2,2,9,4,minimax,16688,action_158,0.5
problem0033,4,4,1,2,2,9,4,mcts,4229,action_602,5.25
problem0033,4,4,1,2,2,9,4,minimax,17204,action_695,0.5
problem0033,4,4,1,2,2,9,4,mcts,4087,action_602,3.25
problem0033,4,4,1,2,2,9,4,minimax,16989,action_695,0.5
problem0033,4,4,1,2,2,9,4,mcts,4097,action_158,5.0
problem0033,4,4,1,2,2,9,4,minimax,16841,action_158,0.5
problem0033,4,4,1,2,2,9,4,mcts,4204,action_302,3.25
problem0033,4,4,1,2,2,9,4,minimax,16860,action_158,0.5
problem0033,4,4,1,2,2,9,4,mcts,4278,action_302,7.25
problem0033,4,4,1,2,2,9,6,minimax,116149,action_602,0.5
problem0033,4,4,1,2,2,9,6,mcts,6068,action_302,6.5
problem0033,4,4,1,2,2,9,6,minimax,116038,action_158,0.5
problem0033,4,4,1,2,2,9,6,mcts,6366,action_695,5.25
problem0033,4,4,1,2,2,9,6,minimax,114823,action_158,0.5
problem0033,4,4,1,2,2,9,6,mcts,6056,action_158,4.0
problem0033,4,4,1,2,2,9,6,minimax,115770,action_158,0.5
problem0033,4,4,1,2,2,9,6,mcts,6402,action_695,6.75
problem0033,4,4,1,2,2,9,6,minimax,115621,action_302,0.5
problem0033,4,4,1,2,2,9,6,mcts,6350,action_695,7.5
problem0033,4,4,1,2,2,9,8,minimax,819428,action_158,0.5
problem0033,4,4,1,2,2,9,8,mcts,8889,action_302,11.75
problem0033,4,4,1,2,2,9,8,minimax,814602,action_302,0.5
problem0033,4,4,1,2,2,9,8,mcts,8470,action_695,10.75
problem0033,4,4,1,2,2,9,8,minimax,813736,action_158,0.5
problem0033,4,4,1,2,2,9,8,mcts,8652,action_602,7.75
problem0033,4,4,1,2,2,9,8,minimax,831481,action_695,0.5
problem0033,4,4,1,2,2,9,8,mcts,8820,action_695,7.5
problem0033,4,4,1,2,2,9,8,minimax,806059,action_602,0.5
problem0033,4,4,1,2,2,9,8,mcts,8747,action_695,7.5
problem0033,4,4,1,2,2,9,10,minimax,5971579,action_158,0.5
problem0033,4,4,1,2,2,9,10,mcts,10836,action_695,9.75
problem0033,4,4,1,2,2,9,10,minimax,5957139,action_158,0.5
problem0033,4,4,1,2,2,9,10,mcts,11113,action_695,11.25
problem0033,4,4,1,2,2,9,10,minimax,5916745,action_695,0.5
problem0033,4,4,1,2,2,9,10,mcts,11135,action_158,10.0
problem0033,4,4,1,2,2,9,10,minimax,5993707,action_302,0.5
problem0033,4,4,1,2,2,9,10,mcts,10697,action_602,12.25
problem0033,4,4,1,2,2,9,10,minimax,5944015,action_158,0.5
problem0033,4,4,1,2,2,9,10,mcts,11188,action_695,10.0
