Dataset,LanguageSize,NumConditionActionRules,EffectSize,NumOfRules,RuleSize,GoalSize,SearchDepth,Algorithm,Time,Decision,DecisionValue
problem0009,2,4,1,1,2,3,2,minimax,501,action_366,0.5
problem0009,2,4,1,1,2,3,2,mcts,559,action_251,1.0
problem0009,2,4,1,1,2,3,2,minimax,345,action_366,0.5
problem0009,2,4,1,1,2,3,2,mcts,258,action_366,1.0
problem0009,2,4,1,1,2,3,2,minimax,390,action_858,0.5
problem0009,2,4,1,1,2,3,2,mcts,308,action_858,1.0
problem0009,2,4,1,1,2,3,2,minimax,169,action_251,0.5
problem0009,2,4,1,1,2,3,2,mcts,253,action_366,2.5
problem0009,2,4,1,1,2,3,2,minimax,220,action_366,0.5
problem0009,2,4,1,1,2,3,2,mcts,222,action_366,1.0
problem0009,2,4,1,1,2,3,4,minimax,657,action_366,1.0
problem0009,2,4,1,1,2,3,4,mcts,632,action_251,5.0
problem0009,2,4,1,1,2,3,4,minimax,637,action_366,1.0
problem0009,2,4,1,1,2,3,4,mcts,668,action_366,2.0
problem0009,2,4,1,1,2,3,4,minimax,440,action_366,1.0
problem0009,2,4,1,1,2,3,4,mcts,564,action_858,5.0
problem0009,2,4,1,1,2,3,4,minimax,474,action_366,1.0
problem0009,2,4,1,1,2,3,4,mcts,592,action_366,4.0
problem0009,2,4,1,1,2,3,4,minimax,496,action_251,1.0
problem0009,2,4,1,1,2,3,4,mcts,526,action_366,3.0
problem0009,2,4,1,1,2,3,6,minimax,979,action_251,1.0
problem0009,2,4,1,1,2,3,6,mcts,648,action_251,5.0
problem0009,2,4,1,1,2,3,6,minimax,930,action_858,1.0
problem0009,2,4,1,1,2,3,6,mcts,692,action_366,7.0
problem0009,2,4,1,1,2,3,6,minimax,887,action_858,1.0
problem0009,2,4,1,1,2,3,6,mcts,628,action_262,5.5
problem0009,2,4,1,1,2,3,6,minimax,1141,action_366,1.0
problem0009,2,4,1,1,2,3,6,mcts,651,action_251,9.0
problem0009,2,4,1,1,2,3,6,minimax,920,action_858,1.0
problem0009,2,4,1,1,2,3,6,mcts,693,action_262,4.5
problem0009,2,4,1,1,2,3,8,minimax,1920,action_251,1.0
problem0009,2,4,1,1,2,3,8,mcts,664,action_366,10.0
problem0009,2,4,1,1,2,3,8,minimax,1956,action_262,1.0
problem0009,2,4,1,1,2,3,8,mcts,688,action_262,7.5
problem0009,2,4,1,1,2,3,8,minimax,1865,action_251,1.0
problem0009,2,4,1,1,2,3,8,mcts,668,action_858,11.0
problem0009,2,4,1,1,2,3,8,minimax,1869,action_366,1.0
problem0009,2,4,1,1,2,3,8,mcts,654,action_366,13.0
problem0009,2,4,1,1,2,3,8,minimax,1900,action_366,1.0
problem0009,2,4,1,1,2,3,8,mcts,801,action_262,4.5
problem0009,2,4,1,1,2,3,10,minimax,3553,action_858,1.0
problem0009,2,4,1,1,2,3,10,mcts,948,action_858,7.0
problem0009,2,4,1,1,2,3,10,minimax,3798,action_366,1.0
problem0009,2,4,1,1,2,3,10,mcts,783,action_262,9.5
problem0009,2,4,1,1,2,3,10,minimax,3626,action_366,1.0
problem0009,2,4,1,1,2,3,10,mcts,909,action_251,11.0
problem0009,2,4,1,1,2,3,10,minimax,4048,action_858,1.0
problem0009,2,4,1,1,2,3,10,mcts,757,action_366,16.0
problem0009,2,4,1,1,2,3,10,minimax,3583,action_366,1.0
problem0009,2,4,1,1,2,3,10,mcts,827,action_262,7.5
