Dataset,LanguageSize,NumConditionActionRules,EffectSize,NumOfRules,RuleSize,GoalSize,SearchDepth,Algorithm,Time,Decision,DecisionValue
problem0023,2,10,1,1,2,4,2,minimax,314,action_334,1.0
problem0023,2,10,1,1,2,4,2,mcts,444,action_692,1.0
problem0023,2,10,1,1,2,4,2,minimax,259,action_334,1.0
problem0023,2,10,1,1,2,4,2,mcts,343,action_451,1.0
problem0023,2,10,1,1,2,4,2,minimax,314,action_334,1.0
problem0023,2,10,1,1,2,4,2,mcts,339,action_787,2.0
problem0023,2,10,1,1,2,4,2,minimax,269,action_345,1.0
problem0023,2,10,1,1,2,4,2,mcts,439,action_846,1.0
problem0023,2,10,1,1,2,4,2,minimax,325,action_787,1.0
problem0023,2,10,1,1,2,4,2,mcts,398,action_86,0.5
problem0023,2,10,1,1,2,4,4,minimax,679,action_334,1.0
problem0023,2,10,1,1,2,4,4,mcts,464,action_632,2.0
problem0023,2,10,1,1,2,4,4,minimax,555,action_334,1.0
problem0023,2,10,1,1,2,4,4,mcts,744,action_846,3.0
problem0023,2,10,1,1,2,4,4,minimax,590,action_334,1.0
problem0023,2,10,1,1,2,4,4,mcts,666,action_692,4.0
problem0023,2,10,1,1,2,4,4,minimax,702,action_334,1.0
problem0023,2,10,1,1,2,4,4,mcts,656,action_345,2.0
problem0023,2,10,1,1,2,4,4,minimax,608,action_345,1.0
problem0023,2,10,1,1,2,4,4,mcts,820,action_153,2.0
problem0023,2,10,1,1,2,4,6,minimax,1118,action_334,1.0
problem0023,2,10,1,1,2,4,6,mcts,984,action_632,5.0
problem0023,2,10,1,1,2,4,6,minimax,1085,action_334,1.0
problem0023,2,10,1,1,2,4,6,mcts,921,action_451,5.0
problem0023,2,10,1,1,2,4,6,minimax,1064,action_334,1.0
problem0023,2,10,1,1,2,4,6,mcts,907,action_334,3.0
problem0023,2,10,1,1,2,4,6,minimax,1151,action_632,1.0
problem0023,2,10,1,1,2,4,6,mcts,1304,action_153,4.0
problem0023,2,10,1,1,2,4,6,minimax,1142,action_334,1.0
problem0023,2,10,1,1,2,4,6,mcts,962,action_153,3.0
problem0023,2,10,1,1,2,4,8,minimax,2252,action_334,1.0
problem0023,2,10,1,1,2,4,8,mcts,1331,action_345,3.0
problem0023,2,10,1,1,2,4,8,minimax,2246,action_632,1.0
problem0023,2,10,1,1,2,4,8,mcts,1190,action_632,7.0
problem0023,2,10,1,1,2,4,8,minimax,2127,action_334,1.0
problem0023,2,10,1,1,2,4,8,mcts,1217,action_692,6.0
problem0023,2,10,1,1,2,4,8,minimax,2226,action_334,1.0
problem0023,2,10,1,1,2,4,8,mcts,1160,action_86,9.5
problem0023,2,10,1,1,2,4,8,minimax,2275,action_334,1.0
problem0023,2,10,1,1,2,4,8,mcts,1375,action_334,6.0
problem0023,2,10,1,1,2,4,10,minimax,4454,action_86,1.0
problem0023,2,10,1,1,2,4,10,mcts,1416,action_632,12.0
problem0023,2,10,1,1,2,4,10,minimax,4521,action_334,1.0
problem0023,2,10,1,1,2,4,10,mcts,1359,action_692,6.0
problem0023,2,10,1,1,2,4,10,minimax,4694,action_345,1.0
problem0023,2,10,1,1,2,4,10,mcts,1461,action_153,11.0
problem0023,2,10,1,1,2,4,10,minimax,4457,action_334,1.0
problem0023,2,10,1,1,2,4,10,mcts,1461,action_153,11.0
problem0023,2,10,1,1,2,4,10,minimax,4204,action_334,1.0
problem0023,2,10,1,1,2,4,10,mcts,1220,action_334,6.0
