Dataset,LanguageSize,NumConditionActionRules,EffectSize,NumOfRules,RuleSize,GoalSize,SearchDepth,Algorithm,Time,Decision,DecisionValue
problem0018,2,8,1,1,2,4,2,minimax,206,action_476,1.0
problem0018,2,8,1,1,2,4,2,mcts,257,action_668,1.0
problem0018,2,8,1,1,2,4,2,minimax,250,action_476,1.0
problem0018,2,8,1,1,2,4,2,mcts,288,action_988,1.0
problem0018,2,8,1,1,2,4,2,minimax,200,action_476,1.0
problem0018,2,8,1,1,2,4,2,mcts,307,action_62,1.0
problem0018,2,8,1,1,2,4,2,minimax,232,action_476,1.0
problem0018,2,8,1,1,2,4,2,mcts,198,action_280,2.0
problem0018,2,8,1,1,2,4,2,minimax,158,action_476,1.0
problem0018,2,8,1,1,2,4,2,mcts,247,action_337,1.0
problem0018,2,8,1,1,2,4,4,minimax,197,action_476,1.0
problem0018,2,8,1,1,2,4,4,mcts,476,action_62,5.0
problem0018,2,8,1,1,2,4,4,minimax,202,action_376,1.0
problem0018,2,8,1,1,2,4,4,mcts,552,action_337,4.0
problem0018,2,8,1,1,2,4,4,minimax,181,action_476,1.0
problem0018,2,8,1,1,2,4,4,mcts,441,action_280,1.0
problem0018,2,8,1,1,2,4,4,minimax,216,action_476,1.0
problem0018,2,8,1,1,2,4,4,mcts,490,action_376,4.0
problem0018,2,8,1,1,2,4,4,minimax,188,action_476,1.0
problem0018,2,8,1,1,2,4,4,mcts,448,action_668,3.0
problem0018,2,8,1,1,2,4,6,minimax,153,action_337,1.0
problem0018,2,8,1,1,2,4,6,mcts,558,action_280,3.0
problem0018,2,8,1,1,2,4,6,minimax,256,action_376,1.0
problem0018,2,8,1,1,2,4,6,mcts,515,action_668,4.0
problem0018,2,8,1,1,2,4,6,minimax,181,action_476,1.0
problem0018,2,8,1,1,2,4,6,mcts,587,action_337,6.0
problem0018,2,8,1,1,2,4,6,minimax,146,action_476,1.0
problem0018,2,8,1,1,2,4,6,mcts,722,action_62,6.0
problem0018,2,8,1,1,2,4,6,minimax,202,action_337,1.0
problem0018,2,8,1,1,2,4,6,mcts,572,action_668,1.0
problem0018,2,8,1,1,2,4,8,minimax,239,action_476,1.0
problem0018,2,8,1,1,2,4,8,mcts,636,action_337,4.0
problem0018,2,8,1,1,2,4,8,minimax,197,action_476,1.0
problem0018,2,8,1,1,2,4,8,mcts,782,action_938,4.0
problem0018,2,8,1,1,2,4,8,minimax,190,action_376,1.0
problem0018,2,8,1,1,2,4,8,mcts,702,action_280,2.0
problem0018,2,8,1,1,2,4,8,minimax,194,action_376,1.0
problem0018,2,8,1,1,2,4,8,mcts,694,action_280,9.0
problem0018,2,8,1,1,2,4,8,minimax,176,action_476,1.0
problem0018,2,8,1,1,2,4,8,mcts,663,action_938,8.0
problem0018,2,8,1,1,2,4,10,minimax,187,action_337,1.0
problem0018,2,8,1,1,2,4,10,mcts,840,action_476,11.0
problem0018,2,8,1,1,2,4,10,minimax,186,action_376,1.0
problem0018,2,8,1,1,2,4,10,mcts,852,action_988,5.0
problem0018,2,8,1,1,2,4,10,minimax,158,action_476,1.0
problem0018,2,8,1,1,2,4,10,mcts,857,action_376,8.0
problem0018,2,8,1,1,2,4,10,minimax,149,action_476,1.0
problem0018,2,8,1,1,2,4,10,mcts,860,action_337,11.0
problem0018,2,8,1,1,2,4,10,minimax,149,action_476,1.0
problem0018,2,8,1,1,2,4,10,mcts,896,action_376,6.0
