Dataset,LanguageSize,NumConditionActionRules,EffectSize,NumOfRules,RuleSize,GoalSize,SearchDepth,Algorithm,Time,Decision,DecisionValue
problem0062,6,6,1,3,2,9,2,minimax,8045,action_215,0.16666666666666666
problem0062,6,6,1,3,2,9,2,mcts,3765,action_462,0.6666666666666666
problem0062,6,6,1,3,2,9,2,minimax,7806,action_907,0.16666666666666666
problem0062,6,6,1,3,2,9,2,mcts,3718,action_907,0.8333333333333333
problem0062,6,6,1,3,2,9,2,minimax,7773,action_331,0.16666666666666666
problem0062,6,6,1,3,2,9,2,mcts,3725,action_907,1.3333333333333333
problem0062,6,6,1,3,2,9,2,minimax,7975,action_331,0.16666666666666666
problem0062,6,6,1,3,2,9,2,mcts,3796,action_907,1.6666666666666665
problem0062,6,6,1,3,2,9,2,minimax,8202,action_331,0.16666666666666666
problem0062,6,6,1,3,2,9,2,mcts,3658,action_462,0.6666666666666666
problem0062,6,6,1,3,2,9,4,minimax,146019,action_331,0.3333333333333333
problem0062,6,6,1,3,2,9,4,mcts,8010,action_331,2.333333333333333
problem0062,6,6,1,3,2,9,4,minimax,147257,action_736,0.3333333333333333
problem0062,6,6,1,3,2,9,4,mcts,7682,action_736,3.333333333333333
problem0062,6,6,1,3,2,9,4,minimax,145446,action_331,0.3333333333333333
problem0062,6,6,1,3,2,9,4,mcts,8150,action_462,4.5
problem0062,6,6,1,3,2,9,4,minimax,144860,action_331,0.3333333333333333
problem0062,6,6,1,3,2,9,4,mcts,8242,action_215,3.0
problem0062,6,6,1,3,2,9,4,minimax,147156,action_736,0.3333333333333333
problem0062,6,6,1,3,2,9,4,mcts,8111,action_331,3.333333333333333
problem0062,6,6,1,3,2,9,6,minimax,1220644,action_331,0.5
problem0062,6,6,1,3,2,9,6,mcts,11908,action_462,3.0
problem0062,6,6,1,3,2,9,6,minimax,1169192,action_215,0.5
problem0062,6,6,1,3,2,9,6,mcts,11648,action_462,4.0
problem0062,6,6,1,3,2,9,6,minimax,1138987,action_215,0.5
problem0062,6,6,1,3,2,9,6,mcts,11809,action_215,4.666666666666666
problem0062,6,6,1,3,2,9,6,minimax,1191181,action_215,0.5
problem0062,6,6,1,3,2,9,6,mcts,12114,action_330,4.666666666666666
problem0062,6,6,1,3,2,9,6,minimax,1180889,action_331,0.5
problem0062,6,6,1,3,2,9,6,mcts,11940,action_736,3.833333333333333
problem0062,6,6,1,3,2,9,8,minimax,13801960,action_215,0.5
problem0062,6,6,1,3,2,9,8,mcts,15892,action_330,7.833333333333334
problem0062,6,6,1,3,2,9,8,minimax,13633844,action_331,0.5
problem0062,6,6,1,3,2,9,8,mcts,16138,action_331,6.666666666666666
problem0062,6,6,1,3,2,9,8,minimax,13751667,action_736,0.5
problem0062,6,6,1,3,2,9,8,mcts,15954,action_331,6.166666666666666
problem0062,6,6,1,3,2,9,8,minimax,13982849,action_331,0.5
problem0062,6,6,1,3,2,9,8,mcts,16562,action_215,6.166666666666666
problem0062,6,6,1,3,2,9,8,minimax,14445941,action_215,0.5
problem0062,6,6,1,3,2,9,8,mcts,16419,action_215,7.166666666666666
problem0062,6,6,1,3,2,9,10,minimax,136823413,action_331,0.5
problem0062,6,6,1,3,2,9,10,mcts,20389,action_736,9.666666666666666
problem0062,6,6,1,3,2,9,10,minimax,138420200,action_736,0.5
problem0062,6,6,1,3,2,9,10,mcts,20974,action_331,10.5
problem0062,6,6,1,3,2,9,10,minimax,139012178,action_331,0.5
problem0062,6,6,1,3,2,9,10,mcts,20642,action_907,7.0
problem0062,6,6,1,3,2,9,10,minimax,136505112,action_331,0.5
problem0062,6,6,1,3,2,9,10,mcts,20907,action_215,8.833333333333332
