Dataset,LanguageSize,NumConditionActionRules,EffectSize,NumOfRules,RuleSize,GoalSize,SearchDepth,Algorithm,Time,Decision,DecisionValue
problem0071,6,10,1,3,2,3,2,minimax,1659,action_881,0.3333333333333333
problem0071,6,10,1,3,2,3,2,mcts,1582,action_80,0.6666666666666666
problem0071,6,10,1,3,2,3,2,minimax,1752,action_201,0.3333333333333333
problem0071,6,10,1,3,2,3,2,mcts,1617,action_80,0.6666666666666666
problem0071,6,10,1,3,2,3,2,minimax,1696,action_201,0.3333333333333333
problem0071,6,10,1,3,2,3,2,mcts,1648,action_121,0.5
problem0071,6,10,1,3,2,3,2,minimax,1747,action_115,0.3333333333333333
problem0071,6,10,1,3,2,3,2,mcts,1705,action_115,0.3333333333333333
problem0071,6,10,1,3,2,3,2,minimax,1723,action_201,0.3333333333333333
problem0071,6,10,1,3,2,3,2,mcts,1707,action_80,0.3333333333333333
problem0071,6,10,1,3,2,3,4,minimax,20821,action_601,0.5
problem0071,6,10,1,3,2,3,4,mcts,4562,action_218,4.0
problem0071,6,10,1,3,2,3,4,minimax,20048,action_201,0.5
problem0071,6,10,1,3,2,3,4,mcts,4680,action_601,2.5
problem0071,6,10,1,3,2,3,4,minimax,20268,action_115,0.5
problem0071,6,10,1,3,2,3,4,mcts,4771,action_283,3.3333333333333335
problem0071,6,10,1,3,2,3,4,minimax,19984,action_201,0.5
problem0071,6,10,1,3,2,3,4,mcts,4478,action_80,1.1666666666666665
problem0071,6,10,1,3,2,3,4,minimax,20381,action_881,0.5
problem0071,6,10,1,3,2,3,4,mcts,4750,action_115,2.5
problem0071,6,10,1,3,2,3,6,minimax,195306,action_201,0.5
problem0071,6,10,1,3,2,3,6,mcts,6935,action_115,6.166666666666667
problem0071,6,10,1,3,2,3,6,minimax,188600,action_601,0.5
problem0071,6,10,1,3,2,3,6,mcts,6704,action_121,2.8333333333333335
problem0071,6,10,1,3,2,3,6,minimax,193479,action_201,0.5
problem0071,6,10,1,3,2,3,6,mcts,6745,action_815,2.666666666666667
problem0071,6,10,1,3,2,3,6,minimax,194606,action_881,0.5
problem0071,6,10,1,3,2,3,6,mcts,6849,action_218,5.5
problem0071,6,10,1,3,2,3,6,minimax,192263,action_201,0.5
problem0071,6,10,1,3,2,3,6,mcts,6775,action_80,1.1666666666666665
problem0071,6,10,1,3,2,3,8,minimax,1882839,action_201,0.5
problem0071,6,10,1,3,2,3,8,mcts,8930,action_915,6.833333333333334
problem0071,6,10,1,3,2,3,8,minimax,1878040,action_201,0.5
problem0071,6,10,1,3,2,3,8,mcts,8944,action_601,7.333333333333333
problem0071,6,10,1,3,2,3,8,minimax,1868193,action_115,0.5
problem0071,6,10,1,3,2,3,8,mcts,8933,action_80,5.166666666666667
problem0071,6,10,1,3,2,3,8,minimax,1857468,action_201,0.5
problem0071,6,10,1,3,2,3,8,mcts,9172,action_201,4.833333333333334
problem0071,6,10,1,3,2,3,8,minimax,1869357,action_601,0.5
problem0071,6,10,1,3,2,3,8,mcts,9044,action_915,4.0
problem0071,6,10,1,3,2,3,10,minimax,18525343,action_115,0.5
problem0071,6,10,1,3,2,3,10,mcts,11236,action_121,7.0
problem0071,6,10,1,3,2,3,10,minimax,18456083,action_881,0.5
problem0071,6,10,1,3,2,3,10,mcts,11144,action_601,8.833333333333332
problem0071,6,10,1,3,2,3,10,minimax,18603377,action_201,0.5
problem0071,6,10,1,3,2,3,10,mcts,11475,action_283,9.0
problem0071,6,10,1,3,2,3,10,minimax,18485515,action_881,0.5
problem0071,6,10,1,3,2,3,10,mcts,11018,action_121,6.0
problem0071,6,10,1,3,2,3,10,minimax,18368663,action_881,0.5
problem0071,6,10,1,3,2,3,10,mcts,11061,action_283,7.5
