Dataset,LanguageSize,NumConditionActionRules,EffectSize,NumOfRules,RuleSize,GoalSize,SearchDepth,Algorithm,Time,Decision,DecisionValue
problem0036,4,6,1,2,2,8,2,minimax,3327,action_903,0.5
problem0036,4,6,1,2,2,8,2,mcts,2182,action_108,1.0
problem0036,4,6,1,2,2,8,2,minimax,3425,action_903,0.5
problem0036,4,6,1,2,2,8,2,mcts,2203,action_727,2.0
problem0036,4,6,1,2,2,8,2,minimax,3297,action_727,0.5
problem0036,4,6,1,2,2,8,2,mcts,2155,action_727,2.0
problem0036,4,6,1,2,2,8,2,minimax,3451,action_903,0.5
problem0036,4,6,1,2,2,8,2,mcts,2018,action_614,1.0
problem0036,4,6,1,2,2,8,2,minimax,3488,action_727,0.5
problem0036,4,6,1,2,2,8,2,mcts,2038,action_905,2.5
problem0036,4,6,1,2,2,8,4,minimax,26771,action_903,0.5
problem0036,4,6,1,2,2,8,4,mcts,4310,action_905,3.25
problem0036,4,6,1,2,2,8,4,minimax,27177,action_727,0.5
problem0036,4,6,1,2,2,8,4,mcts,4206,action_903,4.75
problem0036,4,6,1,2,2,8,4,minimax,28029,action_903,0.5
problem0036,4,6,1,2,2,8,4,mcts,4381,action_108,2.25
problem0036,4,6,1,2,2,8,4,minimax,27734,action_903,0.5
problem0036,4,6,1,2,2,8,4,mcts,4072,action_727,3.5
problem0036,4,6,1,2,2,8,4,minimax,26553,action_789,0.5
problem0036,4,6,1,2,2,8,4,mcts,4221,action_614,3.25
problem0036,4,6,1,2,2,8,6,minimax,184613,action_108,0.5
problem0036,4,6,1,2,2,8,6,mcts,6961,action_789,5.0
problem0036,4,6,1,2,2,8,6,minimax,184846,action_789,0.5
problem0036,4,6,1,2,2,8,6,mcts,6863,action_903,7.0
problem0036,4,6,1,2,2,8,6,minimax,183240,action_789,0.5
problem0036,4,6,1,2,2,8,6,mcts,6803,action_727,11.0
problem0036,4,6,1,2,2,8,6,minimax,183845,action_789,0.5
problem0036,4,6,1,2,2,8,6,mcts,6889,action_903,6.25
problem0036,4,6,1,2,2,8,6,minimax,184049,action_108,0.5
problem0036,4,6,1,2,2,8,6,mcts,6925,action_614,9.0
problem0036,4,6,1,2,2,8,8,minimax,1197096,action_614,0.5
problem0036,4,6,1,2,2,8,8,mcts,9993,action_903,7.75
problem0036,4,6,1,2,2,8,8,minimax,1201730,action_789,0.5
problem0036,4,6,1,2,2,8,8,mcts,9393,action_614,10.0
problem0036,4,6,1,2,2,8,8,minimax,1200810,action_789,0.5
problem0036,4,6,1,2,2,8,8,mcts,9127,action_108,8.25
problem0036,4,6,1,2,2,8,8,minimax,1195139,action_789,0.5
problem0036,4,6,1,2,2,8,8,mcts,9619,action_903,7.0
problem0036,4,6,1,2,2,8,8,minimax,1194609,action_789,0.5
problem0036,4,6,1,2,2,8,8,mcts,9361,action_614,6.25
problem0036,4,6,1,2,2,8,10,minimax,7745799,action_727,0.5
problem0036,4,6,1,2,2,8,10,mcts,12848,action_727,8.0
problem0036,4,6,1,2,2,8,10,minimax,7732266,action_727,0.5
problem0036,4,6,1,2,2,8,10,mcts,12286,action_727,12.0
problem0036,4,6,1,2,2,8,10,minimax,7745689,action_789,0.5
problem0036,4,6,1,2,2,8,10,mcts,12665,action_903,10.25
problem0036,4,6,1,2,2,8,10,minimax,7826318,action_727,0.5
problem0036,4,6,1,2,2,8,10,mcts,12347,action_727,9.5
problem0036,4,6,1,2,2,8,10,minimax,7719744,action_903,0.5
problem0036,4,6,1,2,2,8,10,mcts,11579,action_903,7.75
