Dataset,LanguageSize,NumConditionActionRules,EffectSize,NumOfRules,RuleSize,GoalSize,SearchDepth,Algorithm,Time,Decision,DecisionValue
problem0034,4,4,1,2,2,8,2,minimax,2061,action_55,0.25
problem0034,4,4,1,2,2,8,2,mcts,1726,action_961,2.5
problem0034,4,4,1,2,2,8,2,minimax,1981,action_489,0.25
problem0034,4,4,1,2,2,8,2,mcts,1764,action_460,1.0
problem0034,4,4,1,2,2,8,2,minimax,1911,action_961,0.25
problem0034,4,4,1,2,2,8,2,mcts,1660,action_55,0.75
problem0034,4,4,1,2,2,8,2,minimax,2010,action_961,0.25
problem0034,4,4,1,2,2,8,2,mcts,1694,action_489,1.0
problem0034,4,4,1,2,2,8,2,minimax,2144,action_961,0.25
problem0034,4,4,1,2,2,8,2,mcts,1712,action_460,1.0
problem0034,4,4,1,2,2,8,4,minimax,21976,action_961,0.5
problem0034,4,4,1,2,2,8,4,mcts,3547,action_55,4.25
problem0034,4,4,1,2,2,8,4,minimax,22600,action_460,0.5
problem0034,4,4,1,2,2,8,4,mcts,3719,action_489,2.75
problem0034,4,4,1,2,2,8,4,minimax,22479,action_961,0.5
problem0034,4,4,1,2,2,8,4,mcts,3707,action_489,2.25
problem0034,4,4,1,2,2,8,4,minimax,21822,action_961,0.5
problem0034,4,4,1,2,2,8,4,mcts,3585,action_489,4.25
problem0034,4,4,1,2,2,8,4,minimax,22561,action_489,0.5
problem0034,4,4,1,2,2,8,4,mcts,3561,action_55,5.5
problem0034,4,4,1,2,2,8,6,minimax,169000,action_961,0.75
problem0034,4,4,1,2,2,8,6,mcts,5066,action_961,10.0
problem0034,4,4,1,2,2,8,6,minimax,170503,action_55,0.75
problem0034,4,4,1,2,2,8,6,mcts,5123,action_460,2.75
problem0034,4,4,1,2,2,8,6,minimax,171170,action_489,0.75
problem0034,4,4,1,2,2,8,6,mcts,5020,action_460,4.0
problem0034,4,4,1,2,2,8,6,minimax,171069,action_961,0.75
problem0034,4,4,1,2,2,8,6,mcts,5125,action_961,9.5
problem0034,4,4,1,2,2,8,6,minimax,170741,action_961,0.75
problem0034,4,4,1,2,2,8,6,mcts,5219,action_489,8.25
problem0034,4,4,1,2,2,8,8,minimax,1094440,action_460,0.75
problem0034,4,4,1,2,2,8,8,mcts,7061,action_961,11.0
problem0034,4,4,1,2,2,8,8,minimax,1105632,action_961,0.75
problem0034,4,4,1,2,2,8,8,mcts,7734,action_460,7.0
problem0034,4,4,1,2,2,8,8,minimax,1090441,action_961,0.75
problem0034,4,4,1,2,2,8,8,mcts,7277,action_489,4.5
problem0034,4,4,1,2,2,8,8,minimax,1105010,action_961,0.75
problem0034,4,4,1,2,2,8,8,mcts,7002,action_489,6.0
problem0034,4,4,1,2,2,8,8,minimax,1099835,action_489,0.75
problem0034,4,4,1,2,2,8,8,mcts,7423,action_55,5.75
problem0034,4,4,1,2,2,8,10,minimax,7393339,action_961,0.75
problem0034,4,4,1,2,2,8,10,mcts,9276,action_460,6.25
problem0034,4,4,1,2,2,8,10,minimax,7440637,action_489,0.75
problem0034,4,4,1,2,2,8,10,mcts,8705,action_55,11.0
problem0034,4,4,1,2,2,8,10,minimax,7555855,action_489,0.75
problem0034,4,4,1,2,2,8,10,mcts,9797,action_460,9.5
problem0034,4,4,1,2,2,8,10,minimax,7467613,action_489,0.75
problem0034,4,4,1,2,2,8,10,mcts,9074,action_489,10.0
problem0034,4,4,1,2,2,8,10,minimax,7583229,action_460,0.75
problem0034,4,4,1,2,2,8,10,mcts,8938,action_961,14.0
