Dataset,LanguageSize,NumConditionActionRules,EffectSize,NumOfRules,RuleSize,GoalSize,SearchDepth,Algorithm,Time,Decision,DecisionValue
problem0065,6,6,1,3,2,9,2,minimax,3936,action_551,0.3333333333333333
problem0065,6,6,1,3,2,9,2,mcts,4159,action_258,1.1666666666666665
problem0065,6,6,1,3,2,9,2,minimax,3878,action_843,0.3333333333333333
problem0065,6,6,1,3,2,9,2,mcts,4213,action_690,1.1666666666666665
problem0065,6,6,1,3,2,9,2,minimax,3868,action_179,0.3333333333333333
problem0065,6,6,1,3,2,9,2,mcts,4049,action_979,1.0
problem0065,6,6,1,3,2,9,2,minimax,3919,action_258,0.3333333333333333
problem0065,6,6,1,3,2,9,2,mcts,4248,action_551,0.5
problem0065,6,6,1,3,2,9,2,minimax,3888,action_179,0.3333333333333333
problem0065,6,6,1,3,2,9,2,mcts,4068,action_690,0.8333333333333333
problem0065,6,6,1,3,2,9,4,minimax,63863,action_179,0.3333333333333333
problem0065,6,6,1,3,2,9,4,mcts,9158,action_979,2.5
problem0065,6,6,1,3,2,9,4,minimax,64485,action_843,0.3333333333333333
problem0065,6,6,1,3,2,9,4,mcts,8791,action_551,4.833333333333334
problem0065,6,6,1,3,2,9,4,minimax,63452,action_979,0.3333333333333333
problem0065,6,6,1,3,2,9,4,mcts,8941,action_258,3.6666666666666665
problem0065,6,6,1,3,2,9,4,minimax,63706,action_179,0.3333333333333333
problem0065,6,6,1,3,2,9,4,mcts,8963,action_551,3.0
problem0065,6,6,1,3,2,9,4,minimax,64591,action_179,0.3333333333333333
problem0065,6,6,1,3,2,9,4,mcts,8707,action_551,4.333333333333334
problem0065,6,6,1,3,2,9,6,minimax,731735,action_258,0.5
problem0065,6,6,1,3,2,9,6,mcts,13114,action_179,5.166666666666667
problem0065,6,6,1,3,2,9,6,minimax,689581,action_258,0.5
problem0065,6,6,1,3,2,9,6,mcts,13094,action_179,5.666666666666667
problem0065,6,6,1,3,2,9,6,minimax,728132,action_690,0.5
problem0065,6,6,1,3,2,9,6,mcts,13082,action_551,4.333333333333334
problem0065,6,6,1,3,2,9,6,minimax,716397,action_551,0.5
problem0065,6,6,1,3,2,9,6,mcts,12852,action_979,2.5
problem0065,6,6,1,3,2,9,6,minimax,726805,action_258,0.5
problem0065,6,6,1,3,2,9,6,mcts,13172,action_551,4.333333333333334
problem0065,6,6,1,3,2,9,8,minimax,10222575,action_179,0.5
problem0065,6,6,1,3,2,9,8,mcts,17312,action_979,3.166666666666667
problem0065,6,6,1,3,2,9,8,minimax,10407218,action_843,0.5
problem0065,6,6,1,3,2,9,8,mcts,17848,action_551,5.166666666666667
problem0065,6,6,1,3,2,9,8,minimax,9928417,action_551,0.5
problem0065,6,6,1,3,2,9,8,mcts,17589,action_179,6.833333333333334
problem0065,6,6,1,3,2,9,8,minimax,9993255,action_843,0.5
problem0065,6,6,1,3,2,9,8,mcts,16871,action_979,5.333333333333333
problem0065,6,6,1,3,2,9,8,minimax,10729429,action_179,0.5
problem0065,6,6,1,3,2,9,8,mcts,17574,action_690,3.5000000000000004
problem0065,6,6,1,3,2,9,10,minimax,115850107,action_179,0.5
problem0065,6,6,1,3,2,9,10,mcts,22357,action_551,5.666666666666667
problem0065,6,6,1,3,2,9,10,minimax,116717884,action_551,0.5
problem0065,6,6,1,3,2,9,10,mcts,22079,action_179,9.0
problem0065,6,6,1,3,2,9,10,minimax,121652250,action_179,0.5
problem0065,6,6,1,3,2,9,10,mcts,22236,action_979,5.0
problem0065,6,6,1,3,2,9,10,minimax,116630175,action_258,0.5
problem0065,6,6,1,3,2,9,10,mcts,22977,action_690,4.0
