Dataset,LanguageSize,NumConditionActionRules,EffectSize,NumOfRules,RuleSize,GoalSize,SearchDepth,Algorithm,Time,Decision,DecisionValue
problem0069,6,8,1,3,2,8,2,minimax,7588,action_738,0.3333333333333333
problem0069,6,8,1,3,2,8,2,mcts,4123,action_306,1.6666666666666665
problem0069,6,8,1,3,2,8,2,minimax,7374,action_115,0.3333333333333333
problem0069,6,8,1,3,2,8,2,mcts,4005,action_671,1.6666666666666665
problem0069,6,8,1,3,2,8,2,minimax,7846,action_738,0.3333333333333333
problem0069,6,8,1,3,2,8,2,mcts,4174,action_18,1.6666666666666667
problem0069,6,8,1,3,2,8,2,minimax,7573,action_115,0.3333333333333333
problem0069,6,8,1,3,2,8,2,mcts,4178,action_115,0.3333333333333333
problem0069,6,8,1,3,2,8,2,minimax,7566,action_738,0.3333333333333333
problem0069,6,8,1,3,2,8,2,mcts,3924,action_306,1.6666666666666665
problem0069,6,8,1,3,2,8,4,minimax,133169,action_738,0.5
problem0069,6,8,1,3,2,8,4,mcts,10007,action_671,4.166666666666666
problem0069,6,8,1,3,2,8,4,minimax,133169,action_306,0.5
problem0069,6,8,1,3,2,8,4,mcts,9537,action_738,1.0
problem0069,6,8,1,3,2,8,4,minimax,133696,action_115,0.5
problem0069,6,8,1,3,2,8,4,mcts,9719,action_409,2.1666666666666665
problem0069,6,8,1,3,2,8,4,minimax,132927,action_115,0.5
problem0069,6,8,1,3,2,8,4,mcts,9678,action_671,2.833333333333333
problem0069,6,8,1,3,2,8,4,minimax,133910,action_306,0.5
problem0069,6,8,1,3,2,8,4,mcts,9616,action_18,2.1666666666666665
problem0069,6,8,1,3,2,8,6,minimax,1064527,action_738,0.5
problem0069,6,8,1,3,2,8,6,mcts,14124,action_115,7.000000000000001
problem0069,6,8,1,3,2,8,6,minimax,1064610,action_115,0.5
problem0069,6,8,1,3,2,8,6,mcts,14203,action_671,6.166666666666666
problem0069,6,8,1,3,2,8,6,minimax,1095509,action_115,0.5
problem0069,6,8,1,3,2,8,6,mcts,14592,action_671,6.166666666666666
problem0069,6,8,1,3,2,8,6,minimax,1063016,action_671,0.5
problem0069,6,8,1,3,2,8,6,mcts,14129,action_115,6.333333333333334
problem0069,6,8,1,3,2,8,6,minimax,1097801,action_738,0.5
problem0069,6,8,1,3,2,8,6,mcts,14162,action_671,0.8333333333333333
problem0069,6,8,1,3,2,8,8,minimax,9078737,action_671,0.5
problem0069,6,8,1,3,2,8,8,mcts,18961,action_738,5.166666666666667
problem0069,6,8,1,3,2,8,8,minimax,9012275,action_115,0.5
problem0069,6,8,1,3,2,8,8,mcts,18681,action_18,5.333333333333333
problem0069,6,8,1,3,2,8,8,minimax,9038623,action_115,0.5
problem0069,6,8,1,3,2,8,8,mcts,19008,action_738,5.166666666666667
problem0069,6,8,1,3,2,8,8,minimax,9025465,action_738,0.5
problem0069,6,8,1,3,2,8,8,mcts,18804,action_617,8.833333333333334
problem0069,6,8,1,3,2,8,8,minimax,9117468,action_617,0.5
problem0069,6,8,1,3,2,8,8,mcts,19166,action_409,8.166666666666666
problem0069,6,8,1,3,2,8,10,minimax,81818357,action_18,0.5
problem0069,6,8,1,3,2,8,10,mcts,22925,action_18,5.333333333333333
problem0069,6,8,1,3,2,8,10,minimax,81694046,action_115,0.5
problem0069,6,8,1,3,2,8,10,mcts,23463,action_409,14.166666666666663
problem0069,6,8,1,3,2,8,10,minimax,81616648,action_115,0.5
problem0069,6,8,1,3,2,8,10,mcts,23546,action_738,4.5
problem0069,6,8,1,3,2,8,10,minimax,81765929,action_738,0.5
problem0069,6,8,1,3,2,8,10,mcts,22971,action_409,5.333333333333333
problem0069,6,8,1,3,2,8,10,minimax,82467368,action_18,0.5
problem0069,6,8,1,3,2,8,10,mcts,23312,action_306,6.166666666666666
