Dataset,LanguageSize,NumConditionActionRules,EffectSize,NumOfRules,RuleSize,GoalSize,SearchDepth,Algorithm,Time,Decision,DecisionValue
problem0070,6,8,1,3,2,10,2,minimax,11348,action_663,0.16666666666666666
problem0070,6,8,1,3,2,10,2,mcts,5213,action_663,0.3333333333333333
problem0070,6,8,1,3,2,10,2,minimax,11507,action_599,0.16666666666666666
problem0070,6,8,1,3,2,10,2,mcts,5450,action_164,1.1666666666666665
problem0070,6,8,1,3,2,10,2,minimax,11202,action_155,0.16666666666666666
problem0070,6,8,1,3,2,10,2,mcts,5328,action_680,2.6666666666666665
problem0070,6,8,1,3,2,10,2,minimax,11696,action_663,0.16666666666666666
problem0070,6,8,1,3,2,10,2,mcts,5420,action_599,2.0
problem0070,6,8,1,3,2,10,2,minimax,11347,action_155,0.16666666666666666
problem0070,6,8,1,3,2,10,2,mcts,5459,action_71,1.0
problem0070,6,8,1,3,2,10,4,minimax,207331,action_155,0.3333333333333333
problem0070,6,8,1,3,2,10,4,mcts,11539,action_71,3.5
problem0070,6,8,1,3,2,10,4,minimax,228784,action_663,0.3333333333333333
problem0070,6,8,1,3,2,10,4,mcts,12141,action_164,2.333333333333333
problem0070,6,8,1,3,2,10,4,minimax,225533,action_663,0.3333333333333333
problem0070,6,8,1,3,2,10,4,mcts,11785,action_663,0.8333333333333333
problem0070,6,8,1,3,2,10,4,minimax,231478,action_663,0.3333333333333333
problem0070,6,8,1,3,2,10,4,mcts,11759,action_680,0.5
problem0070,6,8,1,3,2,10,4,minimax,226349,action_663,0.3333333333333333
problem0070,6,8,1,3,2,10,4,mcts,12129,action_663,1.3333333333333333
problem0070,6,8,1,3,2,10,6,minimax,2176599,action_663,0.5
problem0070,6,8,1,3,2,10,6,mcts,17218,action_155,7.833333333333335
problem0070,6,8,1,3,2,10,6,minimax,2163226,action_663,0.5
problem0070,6,8,1,3,2,10,6,mcts,17661,action_604,9.333333333333336
problem0070,6,8,1,3,2,10,6,minimax,2189132,action_155,0.5
problem0070,6,8,1,3,2,10,6,mcts,17484,action_164,3.666666666666666
problem0070,6,8,1,3,2,10,6,minimax,2172142,action_663,0.5
problem0070,6,8,1,3,2,10,6,mcts,17353,action_663,2.0
problem0070,6,8,1,3,2,10,6,minimax,2189583,action_606,0.5
problem0070,6,8,1,3,2,10,6,mcts,17138,action_71,3.5
problem0070,6,8,1,3,2,10,8,minimax,37256550,action_599,0.5
problem0070,6,8,1,3,2,10,8,mcts,23175,action_604,4.5
problem0070,6,8,1,3,2,10,8,minimax,35163513,action_663,0.5
problem0070,6,8,1,3,2,10,8,mcts,22648,action_606,3.0
problem0070,6,8,1,3,2,10,8,minimax,35599370,action_155,0.5
problem0070,6,8,1,3,2,10,8,mcts,22331,action_680,7.5
problem0070,6,8,1,3,2,10,8,minimax,34670479,action_663,0.5
problem0070,6,8,1,3,2,10,8,mcts,23042,action_606,8.0
problem0070,6,8,1,3,2,10,8,minimax,34374046,action_663,0.5
problem0070,6,8,1,3,2,10,8,mcts,22944,action_604,3.833333333333333
