Dataset,LanguageSize,NumConditionActionRules,EffectSize,NumOfRules,RuleSize,GoalSize,SearchDepth,Algorithm,Time,Decision,DecisionValue
problem0002,2,2,1,1,2,4,2,minimax,163,action_248,1.0
problem0002,2,2,1,1,2,4,2,mcts,219,action_718,2.0
problem0002,2,2,1,1,2,4,2,minimax,110,action_248,1.0
problem0002,2,2,1,1,2,4,2,mcts,227,action_248,2.5
problem0002,2,2,1,1,2,4,2,minimax,141,action_248,1.0
problem0002,2,2,1,1,2,4,2,mcts,260,action_718,4.0
problem0002,2,2,1,1,2,4,2,minimax,111,action_248,1.0
problem0002,2,2,1,1,2,4,2,mcts,180,action_718,3.0
problem0002,2,2,1,1,2,4,2,minimax,57,action_248,1.0
problem0002,2,2,1,1,2,4,2,mcts,126,action_718,2.0
problem0002,2,2,1,1,2,4,4,minimax,47,action_718,1.0
problem0002,2,2,1,1,2,4,4,mcts,321,action_248,7.0
problem0002,2,2,1,1,2,4,4,minimax,45,action_718,1.0
problem0002,2,2,1,1,2,4,4,mcts,175,action_718,7.0
problem0002,2,2,1,1,2,4,4,minimax,97,action_718,1.0
problem0002,2,2,1,1,2,4,4,mcts,188,action_718,4.0
problem0002,2,2,1,1,2,4,4,minimax,39,action_248,1.0
problem0002,2,2,1,1,2,4,4,mcts,149,action_718,4.0
problem0002,2,2,1,1,2,4,4,minimax,46,action_718,1.0
problem0002,2,2,1,1,2,4,4,mcts,247,action_248,8.0
problem0002,2,2,1,1,2,4,6,minimax,31,action_718,1.0
problem0002,2,2,1,1,2,4,6,mcts,169,action_718,11.0
problem0002,2,2,1,1,2,4,6,minimax,47,action_248,1.0
problem0002,2,2,1,1,2,4,6,mcts,223,action_718,13.0
problem0002,2,2,1,1,2,4,6,minimax,37,action_718,1.0
problem0002,2,2,1,1,2,4,6,mcts,241,action_248,8.0
problem0002,2,2,1,1,2,4,6,minimax,54,action_248,1.0
problem0002,2,2,1,1,2,4,6,mcts,262,action_718,8.0
problem0002,2,2,1,1,2,4,6,minimax,37,action_718,1.0
problem0002,2,2,1,1,2,4,6,mcts,199,action_248,13.0
problem0002,2,2,1,1,2,4,8,minimax,38,action_718,1.0
problem0002,2,2,1,1,2,4,8,mcts,387,action_718,15.0
problem0002,2,2,1,1,2,4,8,minimax,50,action_248,1.0
problem0002,2,2,1,1,2,4,8,mcts,321,action_248,16.0
problem0002,2,2,1,1,2,4,8,minimax,101,action_718,1.0
problem0002,2,2,1,1,2,4,8,mcts,322,action_248,14.0
problem0002,2,2,1,1,2,4,8,minimax,83,action_248,1.0
problem0002,2,2,1,1,2,4,8,mcts,315,action_248,14.0
problem0002,2,2,1,1,2,4,8,minimax,38,action_718,1.0
problem0002,2,2,1,1,2,4,8,mcts,209,action_248,13.0
problem0002,2,2,1,1,2,4,10,minimax,34,action_718,1.0
problem0002,2,2,1,1,2,4,10,mcts,289,action_248,19.0
problem0002,2,2,1,1,2,4,10,minimax,56,action_248,1.0
problem0002,2,2,1,1,2,4,10,mcts,397,action_248,17.0
problem0002,2,2,1,1,2,4,10,minimax,54,action_718,1.0
problem0002,2,2,1,1,2,4,10,mcts,339,action_248,13.0
problem0002,2,2,1,1,2,4,10,minimax,41,action_248,1.0
problem0002,2,2,1,1,2,4,10,mcts,378,action_718,15.0
problem0002,2,2,1,1,2,4,10,minimax,93,action_718,1.0
problem0002,2,2,1,1,2,4,10,mcts,335,action_718,16.0
