Dataset,LanguageSize,NumConditionActionRules,EffectSize,NumOfRules,RuleSize,GoalSize,SearchDepth,Algorithm,Time,Decision,DecisionValue
problem0068,6,8,1,3,2,10,2,minimax,8529,action_952,0.3333333333333333
problem0068,6,8,1,3,2,10,2,mcts,5495,action_467,0.8333333333333333
problem0068,6,8,1,3,2,10,2,minimax,8362,action_207,0.3333333333333333
problem0068,6,8,1,3,2,10,2,mcts,5019,action_19,0.16666666666666666
problem0068,6,8,1,3,2,10,2,minimax,8256,action_952,0.3333333333333333
problem0068,6,8,1,3,2,10,2,mcts,5601,action_207,1.8333333333333333
problem0068,6,8,1,3,2,10,2,minimax,8393,action_763,0.3333333333333333
problem0068,6,8,1,3,2,10,2,mcts,5255,action_207,0.8333333333333333
problem0068,6,8,1,3,2,10,2,minimax,8467,action_467,0.3333333333333333
problem0068,6,8,1,3,2,10,2,mcts,5486,action_952,0.5
problem0068,6,8,1,3,2,10,4,minimax,194517,action_272,0.3333333333333333
problem0068,6,8,1,3,2,10,4,mcts,11834,action_19,1.8333333333333333
problem0068,6,8,1,3,2,10,4,minimax,192312,action_646,0.3333333333333333
problem0068,6,8,1,3,2,10,4,mcts,12443,action_646,2.1666666666666665
problem0068,6,8,1,3,2,10,4,minimax,193377,action_646,0.3333333333333333
problem0068,6,8,1,3,2,10,4,mcts,12335,action_207,5.333333333333333
problem0068,6,8,1,3,2,10,4,minimax,192665,action_763,0.3333333333333333
problem0068,6,8,1,3,2,10,4,mcts,12061,action_763,3.1666666666666665
problem0068,6,8,1,3,2,10,4,minimax,192218,action_763,0.3333333333333333
problem0068,6,8,1,3,2,10,4,mcts,11912,action_272,2.833333333333333
problem0068,6,8,1,3,2,10,6,minimax,2258146,action_763,0.5
problem0068,6,8,1,3,2,10,6,mcts,17967,action_952,4.833333333333333
problem0068,6,8,1,3,2,10,6,minimax,2152397,action_952,0.5
problem0068,6,8,1,3,2,10,6,mcts,17924,action_763,4.833333333333333
problem0068,6,8,1,3,2,10,6,minimax,2321152,action_763,0.5
problem0068,6,8,1,3,2,10,6,mcts,17779,action_952,2.5
problem0068,6,8,1,3,2,10,6,minimax,2299332,action_763,0.5
problem0068,6,8,1,3,2,10,6,mcts,17473,action_952,5.833333333333333
problem0068,6,8,1,3,2,10,6,minimax,2243321,action_763,0.5
problem0068,6,8,1,3,2,10,6,mcts,17954,action_763,4.333333333333333
problem0068,6,8,1,3,2,10,8,minimax,50193087,action_763,0.6666666666666666
problem0068,6,8,1,3,2,10,8,mcts,24033,action_467,4.333333333333333
problem0068,6,8,1,3,2,10,8,minimax,57030305,action_763,0.5
problem0068,6,8,1,3,2,10,8,mcts,23497,action_19,3.333333333333333
problem0068,6,8,1,3,2,10,8,minimax,50132960,action_763,0.6666666666666666
problem0068,6,8,1,3,2,10,8,mcts,23424,action_646,5.166666666666666
problem0068,6,8,1,3,2,10,8,minimax,54711888,action_467,0.5
problem0068,6,8,1,3,2,10,8,mcts,23991,action_721,4.666666666666666
problem0068,6,8,1,3,2,10,8,minimax,56489219,action_467,0.5
problem0068,6,8,1,3,2,10,8,mcts,23950,action_646,4.333333333333333
