Dataset,LanguageSize,NumConditionActionRules,EffectSize,NumOfRules,RuleSize,GoalSize,SearchDepth,Algorithm,Time,Decision,DecisionValue
problem0046,4,10,1,2,2,6,2,minimax,2657,action_232,0.25
problem0046,4,10,1,2,2,6,2,mcts,2152,action_673,1.5
problem0046,4,10,1,2,2,6,2,minimax,2721,action_673,0.25
problem0046,4,10,1,2,2,6,2,mcts,2240,action_306,0.25
problem0046,4,10,1,2,2,6,2,minimax,2733,action_232,0.25
problem0046,4,10,1,2,2,6,2,mcts,2201,action_817,0.5
problem0046,4,10,1,2,2,6,2,minimax,2604,action_673,0.25
problem0046,4,10,1,2,2,6,2,mcts,2311,action_844,0.25
problem0046,4,10,1,2,2,6,2,minimax,2793,action_844,0.25
problem0046,4,10,1,2,2,6,2,mcts,2225,action_385,0.25
problem0046,4,10,1,2,2,6,4,minimax,32428,action_405,1.0
problem0046,4,10,1,2,2,6,4,mcts,5191,action_844,1.75
problem0046,4,10,1,2,2,6,4,minimax,32793,action_405,1.0
problem0046,4,10,1,2,2,6,4,mcts,5498,action_796,3.0
problem0046,4,10,1,2,2,6,4,minimax,32539,action_405,1.0
problem0046,4,10,1,2,2,6,4,mcts,5420,action_796,1.75
problem0046,4,10,1,2,2,6,4,minimax,32754,action_405,1.0
problem0046,4,10,1,2,2,6,4,mcts,5500,action_925,2.25
problem0046,4,10,1,2,2,6,4,minimax,32480,action_405,1.0
problem0046,4,10,1,2,2,6,4,mcts,5447,action_844,1.5
problem0046,4,10,1,2,2,6,6,minimax,313733,action_844,1.0
problem0046,4,10,1,2,2,6,6,mcts,8187,action_385,2.5
problem0046,4,10,1,2,2,6,6,minimax,315960,action_232,1.0
problem0046,4,10,1,2,2,6,6,mcts,8290,action_673,1.5
problem0046,4,10,1,2,2,6,6,minimax,313951,action_796,1.0
problem0046,4,10,1,2,2,6,6,mcts,8349,action_306,2.5
problem0046,4,10,1,2,2,6,6,minimax,316240,action_232,1.0
problem0046,4,10,1,2,2,6,6,mcts,8606,action_232,4.75
problem0046,4,10,1,2,2,6,6,minimax,414282,action_232,1.0
problem0046,4,10,1,2,2,6,6,mcts,7966,action_796,4.5
problem0046,4,10,1,2,2,6,8,minimax,2843359,action_232,1.0
problem0046,4,10,1,2,2,6,8,mcts,10779,action_306,2.25
problem0046,4,10,1,2,2,6,8,minimax,2816020,action_844,1.0
problem0046,4,10,1,2,2,6,8,mcts,11338,action_232,2.5
problem0046,4,10,1,2,2,6,8,minimax,3181439,action_796,1.0
problem0046,4,10,1,2,2,6,8,mcts,9998,action_385,2.25
problem0046,4,10,1,2,2,6,8,minimax,2783583,action_673,1.0
problem0046,4,10,1,2,2,6,8,mcts,11221,action_796,4.75
problem0046,4,10,1,2,2,6,8,minimax,3060715,action_232,1.0
problem0046,4,10,1,2,2,6,8,mcts,11166,action_844,3.0
problem0046,4,10,1,2,2,6,10,minimax,25943710,action_796,1.0
problem0046,4,10,1,2,2,6,10,mcts,13595,action_385,3.0
problem0046,4,10,1,2,2,6,10,minimax,25977460,action_21,1.0
problem0046,4,10,1,2,2,6,10,mcts,13844,action_21,4.75
problem0046,4,10,1,2,2,6,10,minimax,26257909,action_232,1.0
problem0046,4,10,1,2,2,6,10,mcts,13258,action_673,6.25
problem0046,4,10,1,2,2,6,10,minimax,25414054,action_796,1.0
problem0046,4,10,1,2,2,6,10,mcts,13760,action_817,1.75
problem0046,4,10,1,2,2,6,10,minimax,26489340,action_232,1.0
problem0046,4,10,1,2,2,6,10,mcts,13833,action_232,4.5
