Dataset,LanguageSize,NumConditionActionRules,EffectSize,NumOfRules,RuleSize,GoalSize,SearchDepth,Algorithm,Time,Decision,DecisionValue
problem0042,4,8,1,2,2,6,2,minimax,2975,action_850,0.25
problem0042,4,8,1,2,2,6,2,mcts,2343,action_829,1.0
problem0042,4,8,1,2,2,6,2,minimax,3155,action_159,0.25
problem0042,4,8,1,2,2,6,2,mcts,2340,action_159,1.0
problem0042,4,8,1,2,2,6,2,minimax,3041,action_850,0.25
problem0042,4,8,1,2,2,6,2,mcts,2242,action_850,0.5
problem0042,4,8,1,2,2,6,2,minimax,3301,action_850,0.25
problem0042,4,8,1,2,2,6,2,mcts,2414,action_159,1.25
problem0042,4,8,1,2,2,6,2,minimax,3201,action_899,0.25
problem0042,4,8,1,2,2,6,2,mcts,2196,action_850,2.25
problem0042,4,8,1,2,2,6,4,minimax,40192,action_850,0.5
problem0042,4,8,1,2,2,6,4,mcts,5907,action_820,2.5
problem0042,4,8,1,2,2,6,4,minimax,39984,action_899,0.5
problem0042,4,8,1,2,2,6,4,mcts,5668,action_191,2.0
problem0042,4,8,1,2,2,6,4,minimax,40578,action_850,0.5
problem0042,4,8,1,2,2,6,4,mcts,5832,action_273,1.75
problem0042,4,8,1,2,2,6,4,minimax,40336,action_850,0.5
problem0042,4,8,1,2,2,6,4,mcts,5680,action_820,3.75
problem0042,4,8,1,2,2,6,4,minimax,40282,action_850,0.5
problem0042,4,8,1,2,2,6,4,mcts,5973,action_197,2.0
problem0042,4,8,1,2,2,6,6,minimax,721014,action_850,1.0
problem0042,4,8,1,2,2,6,6,mcts,8479,action_197,2.75
problem0042,4,8,1,2,2,6,6,minimax,723757,action_899,1.0
problem0042,4,8,1,2,2,6,6,mcts,8535,action_159,6.5
problem0042,4,8,1,2,2,6,6,minimax,696220,action_850,1.0
problem0042,4,8,1,2,2,6,6,mcts,9064,action_273,3.75
problem0042,4,8,1,2,2,6,6,minimax,691799,action_850,1.0
problem0042,4,8,1,2,2,6,6,mcts,8906,action_820,5.25
problem0042,4,8,1,2,2,6,6,minimax,732366,action_159,1.0
problem0042,4,8,1,2,2,6,6,mcts,9026,action_197,2.25
problem0042,4,8,1,2,2,6,8,minimax,6818728,action_159,1.0
problem0042,4,8,1,2,2,6,8,mcts,11701,action_159,4.5
problem0042,4,8,1,2,2,6,8,minimax,6924282,action_850,1.0
problem0042,4,8,1,2,2,6,8,mcts,11633,action_191,3.0
problem0042,4,8,1,2,2,6,8,minimax,9650494,action_850,1.0
problem0042,4,8,1,2,2,6,8,mcts,11614,action_273,1.75
problem0042,4,8,1,2,2,6,8,minimax,6739918,action_850,1.0
problem0042,4,8,1,2,2,6,8,mcts,11824,action_191,3.0
problem0042,4,8,1,2,2,6,8,minimax,6731327,action_850,1.0
problem0042,4,8,1,2,2,6,8,mcts,11251,action_820,5.25
problem0042,4,8,1,2,2,6,10,minimax,51737224,action_899,1.0
problem0042,4,8,1,2,2,6,10,mcts,14162,action_159,6.0
problem0042,4,8,1,2,2,6,10,minimax,50776020,action_899,1.0
problem0042,4,8,1,2,2,6,10,mcts,14605,action_159,5.75
problem0042,4,8,1,2,2,6,10,minimax,51591046,action_850,1.0
problem0042,4,8,1,2,2,6,10,mcts,14000,action_191,6.5
problem0042,4,8,1,2,2,6,10,minimax,51691980,action_159,1.0
problem0042,4,8,1,2,2,6,10,mcts,13947,action_820,7.25
problem0042,4,8,1,2,2,6,10,minimax,57145495,action_850,1.0
problem0042,4,8,1,2,2,6,10,mcts,14110,action_191,3.0
