Dataset,LanguageSize,NumConditionActionRules,EffectSize,NumOfRules,RuleSize,GoalSize,SearchDepth,Algorithm,Time,Decision,DecisionValue
problem0058,6,4,1,3,2,8,2,minimax,2686,action_300,0.3333333333333333
problem0058,6,4,1,3,2,8,2,mcts,3180,action_300,2.9999999999999996
problem0058,6,4,1,3,2,8,2,minimax,2771,action_300,0.3333333333333333
problem0058,6,4,1,3,2,8,2,mcts,2963,action_300,1.1666666666666665
problem0058,6,4,1,3,2,8,2,minimax,2515,action_300,0.3333333333333333
problem0058,6,4,1,3,2,8,2,mcts,2964,action_704,1.4999999999999998
problem0058,6,4,1,3,2,8,2,minimax,2421,action_300,0.3333333333333333
problem0058,6,4,1,3,2,8,2,mcts,3044,action_300,1.6666666666666665
problem0058,6,4,1,3,2,8,2,minimax,2507,action_58,0.3333333333333333
problem0058,6,4,1,3,2,8,2,mcts,3012,action_300,1.6666666666666665
problem0058,6,4,1,3,2,8,4,minimax,37657,action_58,0.5
problem0058,6,4,1,3,2,8,4,mcts,6079,action_300,7.000000000000001
problem0058,6,4,1,3,2,8,4,minimax,37492,action_58,0.5
problem0058,6,4,1,3,2,8,4,mcts,6224,action_58,1.3333333333333333
problem0058,6,4,1,3,2,8,4,minimax,37456,action_704,0.5
problem0058,6,4,1,3,2,8,4,mcts,6252,action_704,4.333333333333333
problem0058,6,4,1,3,2,8,4,minimax,36748,action_300,0.5
problem0058,6,4,1,3,2,8,4,mcts,5997,action_300,5.166666666666667
problem0058,6,4,1,3,2,8,4,minimax,37206,action_314,0.5
problem0058,6,4,1,3,2,8,4,mcts,6153,action_300,6.333333333333334
problem0058,6,4,1,3,2,8,6,minimax,320486,action_704,0.5
problem0058,6,4,1,3,2,8,6,mcts,9117,action_58,7.666666666666667
problem0058,6,4,1,3,2,8,6,minimax,323424,action_300,0.5
problem0058,6,4,1,3,2,8,6,mcts,9151,action_704,4.833333333333333
problem0058,6,4,1,3,2,8,6,minimax,319589,action_300,0.5
problem0058,6,4,1,3,2,8,6,mcts,8951,action_704,6.333333333333333
problem0058,6,4,1,3,2,8,6,minimax,322672,action_314,0.5
problem0058,6,4,1,3,2,8,6,mcts,9199,action_300,7.000000000000001
problem0058,6,4,1,3,2,8,6,minimax,344715,action_58,0.5
problem0058,6,4,1,3,2,8,6,mcts,9293,action_300,7.833333333333334
problem0058,6,4,1,3,2,8,8,minimax,3153366,action_314,0.5
problem0058,6,4,1,3,2,8,8,mcts,12961,action_314,6.5
problem0058,6,4,1,3,2,8,8,minimax,3091441,action_58,0.5
problem0058,6,4,1,3,2,8,8,mcts,13245,action_704,14.499999999999996
problem0058,6,4,1,3,2,8,8,minimax,3114552,action_314,0.5
problem0058,6,4,1,3,2,8,8,mcts,13223,action_704,15.166666666666664
problem0058,6,4,1,3,2,8,8,minimax,3073860,action_314,0.5
problem0058,6,4,1,3,2,8,8,mcts,12603,action_58,10.833333333333334
problem0058,6,4,1,3,2,8,8,minimax,3088951,action_314,0.5
problem0058,6,4,1,3,2,8,8,mcts,13000,action_58,10.333333333333332
problem0058,6,4,1,3,2,8,10,minimax,31934332,action_58,0.5
problem0058,6,4,1,3,2,8,10,mcts,17079,action_58,11.833333333333332
problem0058,6,4,1,3,2,8,10,minimax,31966534,action_300,0.5
problem0058,6,4,1,3,2,8,10,mcts,16940,action_314,12.166666666666666
problem0058,6,4,1,3,2,8,10,minimax,31770744,action_58,0.5
problem0058,6,4,1,3,2,8,10,mcts,16948,action_58,12.666666666666664
problem0058,6,4,1,3,2,8,10,minimax,31921038,action_300,0.5
problem0058,6,4,1,3,2,8,10,mcts,16818,action_300,14.0
problem0058,6,4,1,3,2,8,10,minimax,31772868,action_300,0.5
problem0058,6,4,1,3,2,8,10,mcts,16978,action_704,9.666666666666666
