Dataset,LanguageSize,NumConditionActionRules,EffectSize,NumOfRules,RuleSize,GoalSize,SearchDepth,Algorithm,Time,Decision,DecisionValue
problem0017,2,8,1,1,2,4,2,minimax,264,action_332,1.0
problem0017,2,8,1,1,2,4,2,mcts,356,action_927,2.5
problem0017,2,8,1,1,2,4,2,minimax,334,action_332,1.0
problem0017,2,8,1,1,2,4,2,mcts,399,action_643,1.0
problem0017,2,8,1,1,2,4,2,minimax,238,action_332,1.0
problem0017,2,8,1,1,2,4,2,mcts,359,action_218,1.0
problem0017,2,8,1,1,2,4,2,minimax,318,action_332,1.0
problem0017,2,8,1,1,2,4,2,mcts,284,action_218,1.0
problem0017,2,8,1,1,2,4,2,minimax,249,action_332,1.0
problem0017,2,8,1,1,2,4,2,mcts,262,action_472,1.5
problem0017,2,8,1,1,2,4,4,minimax,448,action_332,1.0
problem0017,2,8,1,1,2,4,4,mcts,464,action_472,4.0
problem0017,2,8,1,1,2,4,4,minimax,449,action_643,1.0
problem0017,2,8,1,1,2,4,4,mcts,626,action_337,2.0
problem0017,2,8,1,1,2,4,4,minimax,481,action_332,1.0
problem0017,2,8,1,1,2,4,4,mcts,627,action_218,2.0
problem0017,2,8,1,1,2,4,4,minimax,396,action_332,1.0
problem0017,2,8,1,1,2,4,4,mcts,528,action_733,2.0
problem0017,2,8,1,1,2,4,4,minimax,530,action_337,1.0
problem0017,2,8,1,1,2,4,4,mcts,453,action_218,4.0
problem0017,2,8,1,1,2,4,6,minimax,822,action_332,1.0
problem0017,2,8,1,1,2,4,6,mcts,800,action_218,2.0
problem0017,2,8,1,1,2,4,6,minimax,945,action_332,1.0
problem0017,2,8,1,1,2,4,6,mcts,626,action_643,2.0
problem0017,2,8,1,1,2,4,6,minimax,908,action_733,1.0
problem0017,2,8,1,1,2,4,6,mcts,832,action_979,6.0
problem0017,2,8,1,1,2,4,6,minimax,994,action_332,1.0
problem0017,2,8,1,1,2,4,6,mcts,702,action_733,2.0
problem0017,2,8,1,1,2,4,6,minimax,927,action_337,1.0
problem0017,2,8,1,1,2,4,6,mcts,987,action_979,5.0
problem0017,2,8,1,1,2,4,8,minimax,1671,action_332,1.0
problem0017,2,8,1,1,2,4,8,mcts,1175,action_337,6.0
problem0017,2,8,1,1,2,4,8,minimax,1710,action_733,1.0
problem0017,2,8,1,1,2,4,8,mcts,1173,action_337,6.0
problem0017,2,8,1,1,2,4,8,minimax,1852,action_733,1.0
problem0017,2,8,1,1,2,4,8,mcts,1130,action_979,8.0
problem0017,2,8,1,1,2,4,8,minimax,1813,action_332,1.0
problem0017,2,8,1,1,2,4,8,mcts,1139,action_218,8.0
problem0017,2,8,1,1,2,4,8,minimax,1891,action_472,1.0
problem0017,2,8,1,1,2,4,8,mcts,1168,action_979,7.0
problem0017,2,8,1,1,2,4,10,minimax,3382,action_332,1.0
problem0017,2,8,1,1,2,4,10,mcts,1320,action_733,5.0
problem0017,2,8,1,1,2,4,10,minimax,3460,action_332,1.0
problem0017,2,8,1,1,2,4,10,mcts,1235,action_218,7.0
problem0017,2,8,1,1,2,4,10,minimax,3394,action_332,1.0
problem0017,2,8,1,1,2,4,10,mcts,1306,action_332,4.0
problem0017,2,8,1,1,2,4,10,minimax,3577,action_332,1.0
problem0017,2,8,1,1,2,4,10,mcts,1166,action_979,7.0
problem0017,2,8,1,1,2,4,10,minimax,3430,action_332,1.0
problem0017,2,8,1,1,2,4,10,mcts,1617,action_733,12.0
