Dataset,LanguageSize,NumConditionActionRules,EffectSize,NumOfRules,RuleSize,GoalSize,SearchDepth,Algorithm,Time,Decision,DecisionValue
problem0032,4,4,1,2,2,6,2,minimax,1059,action_514,0.5
problem0032,4,4,1,2,2,6,2,mcts,1047,action_481,2.25
problem0032,4,4,1,2,2,6,2,minimax,1013,action_394,0.5
problem0032,4,4,1,2,2,6,2,mcts,983,action_514,2.25
problem0032,4,4,1,2,2,6,2,minimax,1058,action_446,0.5
problem0032,4,4,1,2,2,6,2,mcts,944,action_446,1.5
problem0032,4,4,1,2,2,6,2,minimax,1009,action_514,0.5
problem0032,4,4,1,2,2,6,2,mcts,969,action_514,2.25
problem0032,4,4,1,2,2,6,2,minimax,967,action_514,0.5
problem0032,4,4,1,2,2,6,2,mcts,983,action_446,3.0
problem0032,4,4,1,2,2,6,4,minimax,6875,action_514,0.5
problem0032,4,4,1,2,2,6,4,mcts,2462,action_446,4.75
problem0032,4,4,1,2,2,6,4,minimax,7219,action_446,0.5
problem0032,4,4,1,2,2,6,4,mcts,2400,action_481,7.0
problem0032,4,4,1,2,2,6,4,minimax,6990,action_514,0.5
problem0032,4,4,1,2,2,6,4,mcts,2367,action_446,3.25
problem0032,4,4,1,2,2,6,4,minimax,6982,action_394,0.5
problem0032,4,4,1,2,2,6,4,mcts,2422,action_481,6.25
problem0032,4,4,1,2,2,6,4,minimax,7047,action_514,0.5
problem0032,4,4,1,2,2,6,4,mcts,2531,action_394,4.75
problem0032,4,4,1,2,2,6,6,minimax,45143,action_514,0.5
problem0032,4,4,1,2,2,6,6,mcts,3788,action_394,7.75
problem0032,4,4,1,2,2,6,6,minimax,45210,action_514,0.5
problem0032,4,4,1,2,2,6,6,mcts,3472,action_446,11.0
problem0032,4,4,1,2,2,6,6,minimax,45694,action_514,0.5
problem0032,4,4,1,2,2,6,6,mcts,3703,action_514,8.0
problem0032,4,4,1,2,2,6,6,minimax,45312,action_481,0.5
problem0032,4,4,1,2,2,6,6,mcts,3801,action_394,8.75
problem0032,4,4,1,2,2,6,6,minimax,45401,action_514,0.5
problem0032,4,4,1,2,2,6,6,mcts,3624,action_481,8.0
problem0032,4,4,1,2,2,6,8,minimax,299750,action_514,0.5
problem0032,4,4,1,2,2,6,8,mcts,4861,action_514,13.0
problem0032,4,4,1,2,2,6,8,minimax,298171,action_446,0.5
problem0032,4,4,1,2,2,6,8,mcts,4612,action_481,11.0
problem0032,4,4,1,2,2,6,8,minimax,298651,action_481,0.5
problem0032,4,4,1,2,2,6,8,mcts,5122,action_514,14.0
problem0032,4,4,1,2,2,6,8,minimax,300339,action_514,0.5
problem0032,4,4,1,2,2,6,8,mcts,4735,action_514,15.0
problem0032,4,4,1,2,2,6,8,minimax,300003,action_446,0.5
problem0032,4,4,1,2,2,6,8,mcts,4747,action_514,9.0
problem0032,4,4,1,2,2,6,10,minimax,2080693,action_514,0.5
problem0032,4,4,1,2,2,6,10,mcts,5804,action_514,12.0
problem0032,4,4,1,2,2,6,10,minimax,2059596,action_394,0.5
problem0032,4,4,1,2,2,6,10,mcts,5946,action_394,13.75
problem0032,4,4,1,2,2,6,10,minimax,2054825,action_394,0.5
problem0032,4,4,1,2,2,6,10,mcts,6028,action_446,14.0
problem0032,4,4,1,2,2,6,10,minimax,2055894,action_514,0.5
problem0032,4,4,1,2,2,6,10,mcts,5806,action_394,13.75
problem0032,4,4,1,2,2,6,10,minimax,2056850,action_481,0.5
problem0032,4,4,1,2,2,6,10,mcts,6112,action_446,14.0
