Dataset,LanguageSize,NumConditionActionRules,EffectSize,NumOfRules,RuleSize,GoalSize,SearchDepth,Algorithm,Time,Decision,DecisionValue
problem0026,4,2,1,2,2,8,2,minimax,1534,action_899,0.25
problem0026,4,2,1,2,2,8,2,mcts,1027,action_899,3.25
problem0026,4,2,1,2,2,8,2,minimax,1249,action_899,0.25
problem0026,4,2,1,2,2,8,2,mcts,1073,action_86,2.25
problem0026,4,2,1,2,2,8,2,minimax,1277,action_86,0.25
problem0026,4,2,1,2,2,8,2,mcts,1166,action_86,3.0
problem0026,4,2,1,2,2,8,2,minimax,1241,action_86,0.25
problem0026,4,2,1,2,2,8,2,mcts,1000,action_899,3.25
problem0026,4,2,1,2,2,8,2,minimax,1227,action_86,0.25
problem0026,4,2,1,2,2,8,2,mcts,1037,action_899,3.25
problem0026,4,2,1,2,2,8,4,minimax,10202,action_86,0.25
problem0026,4,2,1,2,2,8,4,mcts,2807,action_899,5.5
problem0026,4,2,1,2,2,8,4,minimax,10476,action_86,0.25
problem0026,4,2,1,2,2,8,4,mcts,2612,action_899,3.75
problem0026,4,2,1,2,2,8,4,minimax,10595,action_86,0.25
problem0026,4,2,1,2,2,8,4,mcts,2694,action_899,3.0
problem0026,4,2,1,2,2,8,4,minimax,10588,action_86,0.25
problem0026,4,2,1,2,2,8,4,mcts,2853,action_86,3.25
problem0026,4,2,1,2,2,8,4,minimax,11344,action_86,0.25
problem0026,4,2,1,2,2,8,4,mcts,3112,action_86,4.0
problem0026,4,2,1,2,2,8,6,minimax,87509,action_899,0.25
problem0026,4,2,1,2,2,8,6,mcts,4503,action_899,6.25
problem0026,4,2,1,2,2,8,6,minimax,87992,action_899,0.25
problem0026,4,2,1,2,2,8,6,mcts,4522,action_86,8.25
problem0026,4,2,1,2,2,8,6,minimax,95171,action_86,0.25
problem0026,4,2,1,2,2,8,6,mcts,4543,action_86,6.25
problem0026,4,2,1,2,2,8,6,minimax,86596,action_899,0.25
problem0026,4,2,1,2,2,8,6,mcts,4295,action_899,10.25
problem0026,4,2,1,2,2,8,6,minimax,86168,action_86,0.25
problem0026,4,2,1,2,2,8,6,mcts,4560,action_899,9.0
problem0026,4,2,1,2,2,8,8,minimax,702860,action_899,0.25
problem0026,4,2,1,2,2,8,8,mcts,5958,action_899,9.75
problem0026,4,2,1,2,2,8,8,minimax,701833,action_899,0.25
problem0026,4,2,1,2,2,8,8,mcts,6110,action_899,12.0
problem0026,4,2,1,2,2,8,8,minimax,714422,action_86,0.25
problem0026,4,2,1,2,2,8,8,mcts,5964,action_86,8.75
problem0026,4,2,1,2,2,8,8,minimax,702293,action_899,0.25
problem0026,4,2,1,2,2,8,8,mcts,6123,action_899,9.0
problem0026,4,2,1,2,2,8,8,minimax,701808,action_86,0.25
problem0026,4,2,1,2,2,8,8,mcts,5977,action_86,10.5
problem0026,4,2,1,2,2,8,10,minimax,5664361,action_899,0.25
problem0026,4,2,1,2,2,8,10,mcts,7789,action_86,17.75
problem0026,4,2,1,2,2,8,10,minimax,5701118,action_899,0.25
problem0026,4,2,1,2,2,8,10,mcts,7508,action_899,12.5
problem0026,4,2,1,2,2,8,10,minimax,5681005,action_86,0.25
problem0026,4,2,1,2,2,8,10,mcts,7744,action_899,9.75
problem0026,4,2,1,2,2,8,10,minimax,5735773,action_86,0.25
problem0026,4,2,1,2,2,8,10,mcts,7705,action_899,15.75
problem0026,4,2,1,2,2,8,10,minimax,5684063,action_86,0.25
problem0026,4,2,1,2,2,8,10,mcts,7408,action_899,15.75
