Dataset,LanguageSize,NumConditionActionRules,EffectSize,NumOfRules,RuleSize,GoalSize,SearchDepth,Algorithm,Time,Decision,DecisionValue
problem0073,6,10,1,3,2,9,2,minimax,4450,action_474,0.5
problem0073,6,10,1,3,2,9,2,mcts,5233,action_266,1.5
problem0073,6,10,1,3,2,9,2,minimax,4492,action_474,0.5
problem0073,6,10,1,3,2,9,2,mcts,5220,action_474,1.833333333333333
problem0073,6,10,1,3,2,9,2,minimax,4691,action_474,0.5
problem0073,6,10,1,3,2,9,2,mcts,5319,action_266,1.5
problem0073,6,10,1,3,2,9,2,minimax,4515,action_320,0.5
problem0073,6,10,1,3,2,9,2,mcts,5059,action_320,2.1666666666666665
problem0073,6,10,1,3,2,9,2,minimax,4532,action_627,0.5
problem0073,6,10,1,3,2,9,2,mcts,5100,action_324,0.5
problem0073,6,10,1,3,2,9,4,minimax,65142,action_474,0.6666666666666666
problem0073,6,10,1,3,2,9,4,mcts,12588,action_324,2.4999999999999996
problem0073,6,10,1,3,2,9,4,minimax,64246,action_474,0.6666666666666666
problem0073,6,10,1,3,2,9,4,mcts,12316,action_50,3.333333333333333
problem0073,6,10,1,3,2,9,4,minimax,64344,action_266,0.6666666666666666
problem0073,6,10,1,3,2,9,4,mcts,12466,action_627,2.833333333333333
problem0073,6,10,1,3,2,9,4,minimax,64321,action_320,0.6666666666666666
problem0073,6,10,1,3,2,9,4,mcts,12472,action_324,2.4999999999999996
problem0073,6,10,1,3,2,9,4,minimax,64130,action_320,0.6666666666666666
problem0073,6,10,1,3,2,9,4,mcts,12637,action_609,1.1666666666666665
problem0073,6,10,1,3,2,9,6,minimax,658391,action_266,0.6666666666666666
problem0073,6,10,1,3,2,9,6,mcts,18676,action_320,3.9999999999999996
problem0073,6,10,1,3,2,9,6,minimax,658353,action_474,0.6666666666666666
problem0073,6,10,1,3,2,9,6,mcts,18794,action_481,3.9999999999999996
problem0073,6,10,1,3,2,9,6,minimax,656763,action_474,0.6666666666666666
problem0073,6,10,1,3,2,9,6,mcts,18610,action_481,3.333333333333333
problem0073,6,10,1,3,2,9,6,minimax,667419,action_401,0.6666666666666666
problem0073,6,10,1,3,2,9,6,mcts,18960,action_627,3.4999999999999996
problem0073,6,10,1,3,2,9,6,minimax,657460,action_474,0.6666666666666666
problem0073,6,10,1,3,2,9,6,mcts,18492,action_627,7.000000000000001
problem0073,6,10,1,3,2,9,8,minimax,12786223,action_474,0.6666666666666666
problem0073,6,10,1,3,2,9,8,mcts,24321,action_324,3.333333333333333
problem0073,6,10,1,3,2,9,8,minimax,13340298,action_320,0.6666666666666666
problem0073,6,10,1,3,2,9,8,mcts,25482,action_481,3.333333333333333
problem0073,6,10,1,3,2,9,8,minimax,13537680,action_320,0.6666666666666666
problem0073,6,10,1,3,2,9,8,mcts,24604,action_324,11.499999999999996
problem0073,6,10,1,3,2,9,8,minimax,13072877,action_320,0.6666666666666666
problem0073,6,10,1,3,2,9,8,mcts,25121,action_481,4.5
problem0073,6,10,1,3,2,9,8,minimax,13273903,action_474,0.6666666666666666
problem0073,6,10,1,3,2,9,8,mcts,25332,action_132,7.5
