Dataset,LanguageSize,NumConditionActionRules,EffectSize,NumOfRules,RuleSize,GoalSize,SearchDepth,Algorithm,Time,Decision,DecisionValue
problem0001,2,2,1,1,2,4,2,minimax,188,action_78,1.0
problem0001,2,2,1,1,2,4,2,mcts,193,action_78,4.0
problem0001,2,2,1,1,2,4,2,minimax,181,action_78,1.0
problem0001,2,2,1,1,2,4,2,mcts,253,action_193,3.0
problem0001,2,2,1,1,2,4,2,minimax,243,action_78,1.0
problem0001,2,2,1,1,2,4,2,mcts,159,action_193,1.5
problem0001,2,2,1,1,2,4,2,minimax,111,action_78,1.0
problem0001,2,2,1,1,2,4,2,mcts,124,action_193,2.5
problem0001,2,2,1,1,2,4,2,minimax,92,action_78,1.0
problem0001,2,2,1,1,2,4,2,mcts,76,action_193,2.5
problem0001,2,2,1,1,2,4,4,minimax,318,action_193,1.0
problem0001,2,2,1,1,2,4,4,mcts,201,action_78,7.0
problem0001,2,2,1,1,2,4,4,minimax,291,action_78,1.0
problem0001,2,2,1,1,2,4,4,mcts,150,action_78,5.0
problem0001,2,2,1,1,2,4,4,minimax,239,action_78,1.0
problem0001,2,2,1,1,2,4,4,mcts,194,action_78,6.0
problem0001,2,2,1,1,2,4,4,minimax,187,action_78,1.0
problem0001,2,2,1,1,2,4,4,mcts,173,action_193,3.5
problem0001,2,2,1,1,2,4,4,minimax,247,action_78,1.0
problem0001,2,2,1,1,2,4,4,mcts,269,action_78,7.0
problem0001,2,2,1,1,2,4,6,minimax,402,action_193,1.0
problem0001,2,2,1,1,2,4,6,mcts,302,action_193,4.5
problem0001,2,2,1,1,2,4,6,minimax,455,action_193,1.0
problem0001,2,2,1,1,2,4,6,mcts,292,action_193,7.5
problem0001,2,2,1,1,2,4,6,minimax,529,action_78,1.0
problem0001,2,2,1,1,2,4,6,mcts,188,action_193,7.5
problem0001,2,2,1,1,2,4,6,minimax,380,action_193,1.0
problem0001,2,2,1,1,2,4,6,mcts,332,action_193,11.5
problem0001,2,2,1,1,2,4,6,minimax,517,action_193,1.0
problem0001,2,2,1,1,2,4,6,mcts,188,action_78,7.0
problem0001,2,2,1,1,2,4,8,minimax,1049,action_193,1.0
problem0001,2,2,1,1,2,4,8,mcts,305,action_78,12.0
problem0001,2,2,1,1,2,4,8,minimax,1006,action_193,1.0
problem0001,2,2,1,1,2,4,8,mcts,303,action_193,10.5
problem0001,2,2,1,1,2,4,8,minimax,968,action_78,1.0
problem0001,2,2,1,1,2,4,8,mcts,240,action_78,15.0
problem0001,2,2,1,1,2,4,8,minimax,963,action_193,1.0
problem0001,2,2,1,1,2,4,8,mcts,256,action_78,17.0
problem0001,2,2,1,1,2,4,8,minimax,972,action_78,1.0
problem0001,2,2,1,1,2,4,8,mcts,276,action_78,14.0
problem0001,2,2,1,1,2,4,10,minimax,2072,action_193,1.0
problem0001,2,2,1,1,2,4,10,mcts,201,action_193,15.5
problem0001,2,2,1,1,2,4,10,minimax,1887,action_193,1.0
problem0001,2,2,1,1,2,4,10,mcts,305,action_193,14.5
problem0001,2,2,1,1,2,4,10,minimax,1867,action_193,1.0
problem0001,2,2,1,1,2,4,10,mcts,322,action_193,17.5
problem0001,2,2,1,1,2,4,10,minimax,1987,action_193,1.0
problem0001,2,2,1,1,2,4,10,mcts,285,action_78,19.0
problem0001,2,2,1,1,2,4,10,minimax,1954,action_78,1.0
problem0001,2,2,1,1,2,4,10,mcts,321,action_193,18.5
