Dataset,LanguageSize,NumConditionActionRules,EffectSize,NumOfRules,RuleSize,GoalSize,SearchDepth,Algorithm,Time,Decision,DecisionValue
problem0044,4,8,1,2,2,8,2,minimax,2216,action_464,0.5
problem0044,4,8,1,2,2,8,2,mcts,2418,action_464,1.0
problem0044,4,8,1,2,2,8,2,minimax,2091,action_389,0.5
problem0044,4,8,1,2,2,8,2,mcts,2440,action_660,0.5
problem0044,4,8,1,2,2,8,2,minimax,2184,action_204,0.5
problem0044,4,8,1,2,2,8,2,mcts,2294,action_660,1.5
problem0044,4,8,1,2,2,8,2,minimax,2219,action_389,0.5
problem0044,4,8,1,2,2,8,2,mcts,2347,action_450,1.0
problem0044,4,8,1,2,2,8,2,minimax,2032,action_677,0.5
problem0044,4,8,1,2,2,8,2,mcts,2443,action_1,1.0
problem0044,4,8,1,2,2,8,4,minimax,25536,action_660,0.5
problem0044,4,8,1,2,2,8,4,mcts,5781,action_464,1.25
problem0044,4,8,1,2,2,8,4,minimax,25332,action_389,0.5
problem0044,4,8,1,2,2,8,4,mcts,5798,action_293,3.25
problem0044,4,8,1,2,2,8,4,minimax,25306,action_389,0.5
problem0044,4,8,1,2,2,8,4,mcts,5915,action_450,2.25
problem0044,4,8,1,2,2,8,4,minimax,25039,action_204,0.5
problem0044,4,8,1,2,2,8,4,mcts,5927,action_450,1.75
problem0044,4,8,1,2,2,8,4,minimax,25050,action_450,0.5
problem0044,4,8,1,2,2,8,4,mcts,6092,action_450,3.25
problem0044,4,8,1,2,2,8,6,minimax,176225,action_677,0.75
problem0044,4,8,1,2,2,8,6,mcts,8615,action_293,4.75
problem0044,4,8,1,2,2,8,6,minimax,176567,action_389,0.75
problem0044,4,8,1,2,2,8,6,mcts,8963,action_450,4.0
problem0044,4,8,1,2,2,8,6,minimax,176624,action_389,0.75
problem0044,4,8,1,2,2,8,6,mcts,9245,action_677,3.5
problem0044,4,8,1,2,2,8,6,minimax,179132,action_389,0.75
problem0044,4,8,1,2,2,8,6,mcts,8874,action_293,4.0
problem0044,4,8,1,2,2,8,6,minimax,187639,action_389,0.75
problem0044,4,8,1,2,2,8,6,mcts,8943,action_293,3.25
problem0044,4,8,1,2,2,8,8,minimax,1324620,action_677,0.75
problem0044,4,8,1,2,2,8,8,mcts,11409,action_450,2.75
problem0044,4,8,1,2,2,8,8,minimax,1314028,action_389,0.75
problem0044,4,8,1,2,2,8,8,mcts,11384,action_450,5.25
problem0044,4,8,1,2,2,8,8,minimax,1303768,action_389,0.75
problem0044,4,8,1,2,2,8,8,mcts,11420,action_389,5.25
problem0044,4,8,1,2,2,8,8,minimax,1283925,action_464,0.75
problem0044,4,8,1,2,2,8,8,mcts,11775,action_389,3.5
problem0044,4,8,1,2,2,8,8,minimax,1294316,action_389,0.75
problem0044,4,8,1,2,2,8,8,mcts,11560,action_450,3.25
problem0044,4,8,1,2,2,8,10,minimax,9695287,action_677,0.75
problem0044,4,8,1,2,2,8,10,mcts,14147,action_660,7.25
problem0044,4,8,1,2,2,8,10,minimax,9748843,action_204,0.75
problem0044,4,8,1,2,2,8,10,mcts,14104,action_293,3.25
problem0044,4,8,1,2,2,8,10,minimax,9751109,action_389,0.75
problem0044,4,8,1,2,2,8,10,mcts,14519,action_1,6.75
problem0044,4,8,1,2,2,8,10,minimax,9785967,action_389,0.75
problem0044,4,8,1,2,2,8,10,mcts,14375,action_204,3.75
problem0044,4,8,1,2,2,8,10,minimax,9790521,action_389,0.75
problem0044,4,8,1,2,2,8,10,mcts,14004,action_389,7.5
