Dataset,LanguageSize,NumConditionActionRules,EffectSize,NumOfRules,RuleSize,GoalSize,SearchDepth,Algorithm,Time,Decision,DecisionValue
problem0029,4,2,1,2,2,7,2,minimax,837,action_780,0.25
problem0029,4,2,1,2,2,7,2,mcts,947,action_799,2.5
problem0029,4,2,1,2,2,7,2,minimax,869,action_780,0.25
problem0029,4,2,1,2,2,7,2,mcts,907,action_780,3.5
problem0029,4,2,1,2,2,7,2,minimax,736,action_780,0.25
problem0029,4,2,1,2,2,7,2,mcts,989,action_799,2.25
problem0029,4,2,1,2,2,7,2,minimax,830,action_780,0.25
problem0029,4,2,1,2,2,7,2,mcts,1012,action_799,2.25
problem0029,4,2,1,2,2,7,2,minimax,782,action_799,0.25
problem0029,4,2,1,2,2,7,2,mcts,1035,action_780,4.25
problem0029,4,2,1,2,2,7,4,minimax,9648,action_799,0.5
problem0029,4,2,1,2,2,7,4,mcts,2166,action_799,10.5
problem0029,4,2,1,2,2,7,4,minimax,9523,action_799,0.5
problem0029,4,2,1,2,2,7,4,mcts,2041,action_799,6.75
problem0029,4,2,1,2,2,7,4,minimax,9601,action_799,0.5
problem0029,4,2,1,2,2,7,4,mcts,1845,action_780,8.5
problem0029,4,2,1,2,2,7,4,minimax,9410,action_799,0.5
problem0029,4,2,1,2,2,7,4,mcts,2037,action_780,9.75
problem0029,4,2,1,2,2,7,4,minimax,9687,action_799,0.5
problem0029,4,2,1,2,2,7,4,mcts,1942,action_780,8.25
problem0029,4,2,1,2,2,7,6,minimax,92381,action_799,0.5
problem0029,4,2,1,2,2,7,6,mcts,3143,action_799,10.0
problem0029,4,2,1,2,2,7,6,minimax,74265,action_799,0.5
problem0029,4,2,1,2,2,7,6,mcts,3013,action_799,13.0
problem0029,4,2,1,2,2,7,6,minimax,76063,action_799,0.5
problem0029,4,2,1,2,2,7,6,mcts,3260,action_799,9.75
problem0029,4,2,1,2,2,7,6,minimax,73800,action_780,0.5
problem0029,4,2,1,2,2,7,6,mcts,3536,action_780,10.5
problem0029,4,2,1,2,2,7,6,minimax,73828,action_780,0.5
problem0029,4,2,1,2,2,7,6,mcts,2992,action_780,11.5
problem0029,4,2,1,2,2,7,8,minimax,552723,action_780,0.5
problem0029,4,2,1,2,2,7,8,mcts,4463,action_799,14.5
problem0029,4,2,1,2,2,7,8,minimax,553303,action_799,0.5
problem0029,4,2,1,2,2,7,8,mcts,4482,action_799,12.25
problem0029,4,2,1,2,2,7,8,minimax,583767,action_780,0.5
problem0029,4,2,1,2,2,7,8,mcts,4365,action_799,15.0
problem0029,4,2,1,2,2,7,8,minimax,583702,action_780,0.5
problem0029,4,2,1,2,2,7,8,mcts,4596,action_780,18.75
problem0029,4,2,1,2,2,7,8,minimax,557227,action_780,0.5
problem0029,4,2,1,2,2,7,8,mcts,4483,action_799,15.0
problem0029,4,2,1,2,2,7,10,minimax,4226298,action_780,0.5
problem0029,4,2,1,2,2,7,10,mcts,5289,action_780,16.75
problem0029,4,2,1,2,2,7,10,minimax,4130186,action_780,0.5
problem0029,4,2,1,2,2,7,10,mcts,5724,action_780,22.5
problem0029,4,2,1,2,2,7,10,minimax,4183222,action_799,0.5
problem0029,4,2,1,2,2,7,10,mcts,5975,action_780,22.25
problem0029,4,2,1,2,2,7,10,minimax,4135736,action_799,0.5
problem0029,4,2,1,2,2,7,10,mcts,5385,action_780,18.75
problem0029,4,2,1,2,2,7,10,minimax,4181597,action_799,0.5
problem0029,4,2,1,2,2,7,10,mcts,5800,action_799,21.0
