Dataset,LanguageSize,NumConditionActionRules,EffectSize,NumOfRules,RuleSize,GoalSize,SearchDepth,Algorithm,Time,Decision,DecisionValue
problem0037,4,6,1,2,2,6,2,minimax,1927,action_919,0.25
problem0037,4,6,1,2,2,6,2,mcts,1712,action_834,1.25
problem0037,4,6,1,2,2,6,2,minimax,1904,action_741,0.25
problem0037,4,6,1,2,2,6,2,mcts,1742,action_280,1.25
problem0037,4,6,1,2,2,6,2,minimax,1800,action_741,0.25
problem0037,4,6,1,2,2,6,2,mcts,1650,action_741,0.75
problem0037,4,6,1,2,2,6,2,minimax,1855,action_280,0.25
problem0037,4,6,1,2,2,6,2,mcts,1718,action_834,1.5
problem0037,4,6,1,2,2,6,2,minimax,1951,action_280,0.25
problem0037,4,6,1,2,2,6,2,mcts,1785,action_741,0.5
problem0037,4,6,1,2,2,6,4,minimax,13925,action_741,0.5
problem0037,4,6,1,2,2,6,4,mcts,4072,action_473,2.25
problem0037,4,6,1,2,2,6,4,minimax,13894,action_741,0.5
problem0037,4,6,1,2,2,6,4,mcts,3921,action_919,3.0
problem0037,4,6,1,2,2,6,4,minimax,14117,action_741,0.5
problem0037,4,6,1,2,2,6,4,mcts,3942,action_834,2.25
problem0037,4,6,1,2,2,6,4,minimax,13925,action_919,0.5
problem0037,4,6,1,2,2,6,4,mcts,4087,action_741,3.5
problem0037,4,6,1,2,2,6,4,minimax,13783,action_919,0.5
problem0037,4,6,1,2,2,6,4,mcts,3989,action_280,1.5
problem0037,4,6,1,2,2,6,6,minimax,91467,action_621,0.5
problem0037,4,6,1,2,2,6,6,mcts,5792,action_621,2.5
problem0037,4,6,1,2,2,6,6,minimax,92857,action_741,0.5
problem0037,4,6,1,2,2,6,6,mcts,5801,action_621,3.5
problem0037,4,6,1,2,2,6,6,minimax,92804,action_741,0.5
problem0037,4,6,1,2,2,6,6,mcts,5593,action_919,5.75
problem0037,4,6,1,2,2,6,6,minimax,92348,action_919,0.5
problem0037,4,6,1,2,2,6,6,mcts,5750,action_741,9.5
problem0037,4,6,1,2,2,6,6,minimax,94690,action_741,0.5
problem0037,4,6,1,2,2,6,6,mcts,5863,action_919,3.5
problem0037,4,6,1,2,2,6,8,minimax,601759,action_834,0.5
problem0037,4,6,1,2,2,6,8,mcts,7592,action_280,9.75
problem0037,4,6,1,2,2,6,8,minimax,601300,action_741,0.5
problem0037,4,6,1,2,2,6,8,mcts,7821,action_919,10.25
problem0037,4,6,1,2,2,6,8,minimax,602937,action_621,0.5
problem0037,4,6,1,2,2,6,8,mcts,7466,action_621,3.5
problem0037,4,6,1,2,2,6,8,minimax,601455,action_741,0.5
problem0037,4,6,1,2,2,6,8,mcts,7516,action_919,6.25
problem0037,4,6,1,2,2,6,8,minimax,603677,action_741,0.5
problem0037,4,6,1,2,2,6,8,mcts,7307,action_741,6.5
problem0037,4,6,1,2,2,6,10,minimax,3922672,action_621,0.5
problem0037,4,6,1,2,2,6,10,mcts,9812,action_834,12.75
problem0037,4,6,1,2,2,6,10,minimax,3950606,action_919,0.5
problem0037,4,6,1,2,2,6,10,mcts,9464,action_834,14.5
problem0037,4,6,1,2,2,6,10,minimax,3939671,action_834,0.5
problem0037,4,6,1,2,2,6,10,mcts,9142,action_473,7.75
problem0037,4,6,1,2,2,6,10,minimax,3929465,action_280,0.5
problem0037,4,6,1,2,2,6,10,mcts,9462,action_919,10.0
problem0037,4,6,1,2,2,6,10,minimax,3944643,action_919,0.5
problem0037,4,6,1,2,2,6,10,mcts,9702,action_473,5.75
