Dataset,LanguageSize,NumConditionActionRules,EffectSize,NumOfRules,RuleSize,GoalSize,SearchDepth,Algorithm,Time,Decision,DecisionValue
problem0016,2,8,1,1,2,4,2,minimax,168,action_871,1.0
problem0016,2,8,1,1,2,4,2,mcts,312,action_272,2.0
problem0016,2,8,1,1,2,4,2,minimax,150,action_871,1.0
problem0016,2,8,1,1,2,4,2,mcts,286,action_493,1.0
problem0016,2,8,1,1,2,4,2,minimax,207,action_871,1.0
problem0016,2,8,1,1,2,4,2,mcts,274,action_857,1.0
problem0016,2,8,1,1,2,4,2,minimax,151,action_871,1.0
problem0016,2,8,1,1,2,4,2,mcts,265,action_857,1.0
problem0016,2,8,1,1,2,4,2,minimax,209,action_408,1.0
problem0016,2,8,1,1,2,4,2,mcts,240,action_408,1.0
problem0016,2,8,1,1,2,4,4,minimax,228,action_32,1.0
problem0016,2,8,1,1,2,4,4,mcts,437,action_493,2.0
problem0016,2,8,1,1,2,4,4,minimax,195,action_408,1.0
problem0016,2,8,1,1,2,4,4,mcts,487,action_32,4.0
problem0016,2,8,1,1,2,4,4,minimax,158,action_23,1.0
problem0016,2,8,1,1,2,4,4,mcts,455,action_272,2.0
problem0016,2,8,1,1,2,4,4,minimax,198,action_32,1.0
problem0016,2,8,1,1,2,4,4,mcts,432,action_857,3.0
problem0016,2,8,1,1,2,4,4,minimax,198,action_871,1.0
problem0016,2,8,1,1,2,4,4,mcts,451,action_857,5.0
problem0016,2,8,1,1,2,4,6,minimax,160,action_469,1.0
problem0016,2,8,1,1,2,4,6,mcts,662,action_408,7.0
problem0016,2,8,1,1,2,4,6,minimax,215,action_469,1.0
problem0016,2,8,1,1,2,4,6,mcts,492,action_272,6.0
problem0016,2,8,1,1,2,4,6,minimax,183,action_23,1.0
problem0016,2,8,1,1,2,4,6,mcts,631,action_469,3.0
problem0016,2,8,1,1,2,4,6,minimax,127,action_871,1.0
problem0016,2,8,1,1,2,4,6,mcts,519,action_32,2.0
problem0016,2,8,1,1,2,4,6,minimax,178,action_23,1.0
problem0016,2,8,1,1,2,4,6,mcts,694,action_871,4.0
problem0016,2,8,1,1,2,4,8,minimax,178,action_23,1.0
problem0016,2,8,1,1,2,4,8,mcts,663,action_857,8.0
problem0016,2,8,1,1,2,4,8,minimax,160,action_493,1.0
problem0016,2,8,1,1,2,4,8,mcts,823,action_408,6.0
problem0016,2,8,1,1,2,4,8,minimax,186,action_871,1.0
problem0016,2,8,1,1,2,4,8,mcts,712,action_469,8.0
problem0016,2,8,1,1,2,4,8,minimax,145,action_23,1.0
problem0016,2,8,1,1,2,4,8,mcts,734,action_32,5.0
problem0016,2,8,1,1,2,4,8,minimax,173,action_871,1.0
problem0016,2,8,1,1,2,4,8,mcts,750,action_493,8.0
problem0016,2,8,1,1,2,4,10,minimax,165,action_871,1.0
problem0016,2,8,1,1,2,4,10,mcts,714,action_23,9.0
problem0016,2,8,1,1,2,4,10,minimax,213,action_871,1.0
problem0016,2,8,1,1,2,4,10,mcts,789,action_272,6.0
problem0016,2,8,1,1,2,4,10,minimax,191,action_871,1.0
problem0016,2,8,1,1,2,4,10,mcts,735,action_408,9.0
problem0016,2,8,1,1,2,4,10,minimax,211,action_871,1.0
problem0016,2,8,1,1,2,4,10,mcts,703,action_272,11.0
problem0016,2,8,1,1,2,4,10,minimax,191,action_871,1.0
problem0016,2,8,1,1,2,4,10,mcts,799,action_469,9.0
