Dataset,LanguageSize,NumConditionActionRules,EffectSize,NumOfRules,RuleSize,GoalSize,SearchDepth,Algorithm,Time,Decision,DecisionValue
problem0040,4,6,1,2,2,8,2,minimax,3133,action_992,0.25
problem0040,4,6,1,2,2,8,2,mcts,2162,action_726,0.75
problem0040,4,6,1,2,2,8,2,minimax,3214,action_221,0.25
problem0040,4,6,1,2,2,8,2,mcts,2095,action_726,1.5
problem0040,4,6,1,2,2,8,2,minimax,3143,action_221,0.25
problem0040,4,6,1,2,2,8,2,mcts,2023,action_992,2.5
problem0040,4,6,1,2,2,8,2,minimax,3340,action_221,0.25
problem0040,4,6,1,2,2,8,2,mcts,2237,action_992,1.0
problem0040,4,6,1,2,2,8,2,minimax,3246,action_221,0.25
problem0040,4,6,1,2,2,8,2,mcts,2191,action_992,1.0
problem0040,4,6,1,2,2,8,4,minimax,43256,action_221,0.5
problem0040,4,6,1,2,2,8,4,mcts,5344,action_726,3.75
problem0040,4,6,1,2,2,8,4,minimax,42018,action_221,0.5
problem0040,4,6,1,2,2,8,4,mcts,5293,action_221,3.5
problem0040,4,6,1,2,2,8,4,minimax,41372,action_726,0.5
problem0040,4,6,1,2,2,8,4,mcts,5412,action_768,2.75
problem0040,4,6,1,2,2,8,4,minimax,41943,action_976,0.5
problem0040,4,6,1,2,2,8,4,mcts,5195,action_992,2.0
problem0040,4,6,1,2,2,8,4,minimax,41511,action_992,0.5
problem0040,4,6,1,2,2,8,4,mcts,5207,action_976,4.25
problem0040,4,6,1,2,2,8,6,minimax,185051,action_221,0.75
problem0040,4,6,1,2,2,8,6,mcts,7606,action_726,5.5
problem0040,4,6,1,2,2,8,6,minimax,186355,action_221,0.75
problem0040,4,6,1,2,2,8,6,mcts,7646,action_726,5.25
problem0040,4,6,1,2,2,8,6,minimax,191244,action_992,0.75
problem0040,4,6,1,2,2,8,6,mcts,7486,action_976,2.5
problem0040,4,6,1,2,2,8,6,minimax,184735,action_221,0.75
problem0040,4,6,1,2,2,8,6,mcts,7422,action_976,4.25
problem0040,4,6,1,2,2,8,6,minimax,184910,action_992,0.75
problem0040,4,6,1,2,2,8,6,mcts,7264,action_992,2.0
problem0040,4,6,1,2,2,8,8,minimax,1242628,action_221,0.75
problem0040,4,6,1,2,2,8,8,mcts,9785,action_768,4.75
problem0040,4,6,1,2,2,8,8,minimax,1214661,action_976,0.75
problem0040,4,6,1,2,2,8,8,mcts,9706,action_992,4.5
problem0040,4,6,1,2,2,8,8,minimax,1265711,action_768,0.75
problem0040,4,6,1,2,2,8,8,mcts,9807,action_726,7.25
problem0040,4,6,1,2,2,8,8,minimax,1229871,action_221,0.75
problem0040,4,6,1,2,2,8,8,mcts,9849,action_221,7.0
problem0040,4,6,1,2,2,8,8,minimax,1223347,action_768,0.75
problem0040,4,6,1,2,2,8,8,mcts,9901,action_754,9.5
problem0040,4,6,1,2,2,8,10,minimax,8085878,action_992,0.75
problem0040,4,6,1,2,2,8,10,mcts,12885,action_768,5.75
problem0040,4,6,1,2,2,8,10,minimax,8263366,action_992,0.75
problem0040,4,6,1,2,2,8,10,mcts,12645,action_726,8.25
problem0040,4,6,1,2,2,8,10,minimax,8232354,action_221,0.75
problem0040,4,6,1,2,2,8,10,mcts,7144,action_976,10.75
problem0040,4,6,1,2,2,8,10,minimax,8237350,action_221,0.75
problem0040,4,6,1,2,2,8,10,mcts,12223,action_754,12.5
problem0040,4,6,1,2,2,8,10,minimax,8204758,action_754,0.75
problem0040,4,6,1,2,2,8,10,mcts,12013,action_726,6.0
