Dataset,LanguageSize,NumConditionActionRules,EffectSize,NumOfRules,RuleSize,GoalSize,SearchDepth,Algorithm,Time,Decision,DecisionValue
problem0024,2,10,1,1,2,3,2,minimax,364,action_119,1.0
problem0024,2,10,1,1,2,3,2,mcts,396,action_119,2.0
problem0024,2,10,1,1,2,3,2,minimax,322,action_672,1.0
problem0024,2,10,1,1,2,3,2,mcts,459,action_119,2.0
problem0024,2,10,1,1,2,3,2,minimax,323,action_672,1.0
problem0024,2,10,1,1,2,3,2,mcts,466,action_119,1.0
problem0024,2,10,1,1,2,3,2,minimax,368,action_672,1.0
problem0024,2,10,1,1,2,3,2,mcts,366,action_484,0.5
problem0024,2,10,1,1,2,3,2,minimax,405,action_177,1.0
problem0024,2,10,1,1,2,3,2,mcts,312,action_672,1.0
problem0024,2,10,1,1,2,3,4,minimax,2504,action_672,1.0
problem0024,2,10,1,1,2,3,4,mcts,1189,action_789,3.5
problem0024,2,10,1,1,2,3,4,minimax,2333,action_883,1.0
problem0024,2,10,1,1,2,3,4,mcts,1063,action_672,2.5
problem0024,2,10,1,1,2,3,4,minimax,2331,action_981,1.0
problem0024,2,10,1,1,2,3,4,mcts,1049,action_672,1.5
problem0024,2,10,1,1,2,3,4,minimax,2684,action_883,1.0
problem0024,2,10,1,1,2,3,4,mcts,1008,action_484,0.5
problem0024,2,10,1,1,2,3,4,minimax,2326,action_177,1.0
problem0024,2,10,1,1,2,3,4,mcts,966,action_484,2.0
problem0024,2,10,1,1,2,3,6,minimax,14859,action_672,1.0
problem0024,2,10,1,1,2,3,6,mcts,1553,action_91,4.0
problem0024,2,10,1,1,2,3,6,minimax,15333,action_883,1.0
problem0024,2,10,1,1,2,3,6,mcts,1395,action_91,3.0
problem0024,2,10,1,1,2,3,6,minimax,14861,action_119,1.0
problem0024,2,10,1,1,2,3,6,mcts,1520,action_883,3.5
problem0024,2,10,1,1,2,3,6,minimax,16139,action_623,1.0
problem0024,2,10,1,1,2,3,6,mcts,1653,action_766,4.5
problem0024,2,10,1,1,2,3,6,minimax,16307,action_883,1.0
problem0024,2,10,1,1,2,3,6,mcts,1438,action_883,2.0
problem0024,2,10,1,1,2,3,8,minimax,104514,action_672,1.0
problem0024,2,10,1,1,2,3,8,mcts,1816,action_766,2.5
problem0024,2,10,1,1,2,3,8,minimax,105505,action_883,1.0
problem0024,2,10,1,1,2,3,8,mcts,1798,action_789,3.5
problem0024,2,10,1,1,2,3,8,minimax,106156,action_981,1.0
problem0024,2,10,1,1,2,3,8,mcts,1876,action_177,5.0
problem0024,2,10,1,1,2,3,8,minimax,104865,action_672,1.0
problem0024,2,10,1,1,2,3,8,mcts,2021,action_766,2.5
problem0024,2,10,1,1,2,3,8,minimax,105334,action_883,1.0
problem0024,2,10,1,1,2,3,8,mcts,1856,action_672,6.5
problem0024,2,10,1,1,2,3,10,minimax,711261,action_766,1.0
problem0024,2,10,1,1,2,3,10,mcts,2424,action_789,7.0
problem0024,2,10,1,1,2,3,10,minimax,712331,action_623,1.0
problem0024,2,10,1,1,2,3,10,mcts,2036,action_119,11.0
problem0024,2,10,1,1,2,3,10,minimax,711719,action_883,1.0
problem0024,2,10,1,1,2,3,10,mcts,1949,action_484,5.5
problem0024,2,10,1,1,2,3,10,minimax,709914,action_177,1.0
problem0024,2,10,1,1,2,3,10,mcts,2254,action_883,4.0
problem0024,2,10,1,1,2,3,10,minimax,711659,action_672,1.0
problem0024,2,10,1,1,2,3,10,mcts,2121,action_883,7.0
