Dataset,LanguageSize,NumConditionActionRules,EffectSize,NumOfRules,RuleSize,GoalSize,SearchDepth,Algorithm,Time,Decision,DecisionValue
problem0004,2,2,1,1,2,2,2,minimax,47,action_390,1.0
problem0004,2,2,1,1,2,2,2,mcts,36,action_370,4.0
problem0004,2,2,1,1,2,2,2,minimax,22,action_370,1.0
problem0004,2,2,1,1,2,2,2,mcts,49,action_370,3.0
problem0004,2,2,1,1,2,2,2,minimax,5,action_370,1.0
problem0004,2,2,1,1,2,2,2,mcts,19,action_370,6.0
problem0004,2,2,1,1,2,2,2,minimax,6,action_370,1.0
problem0004,2,2,1,1,2,2,2,mcts,34,action_370,5.0
problem0004,2,2,1,1,2,2,2,minimax,11,action_370,1.0
problem0004,2,2,1,1,2,2,2,mcts,45,action_390,2.0
problem0004,2,2,1,1,2,2,4,minimax,22,action_390,1.0
problem0004,2,2,1,1,2,2,4,mcts,68,action_370,8.0
problem0004,2,2,1,1,2,2,4,minimax,21,action_390,1.0
problem0004,2,2,1,1,2,2,4,mcts,57,action_370,5.0
problem0004,2,2,1,1,2,2,4,minimax,20,action_390,1.0
problem0004,2,2,1,1,2,2,4,mcts,72,action_390,7.0
problem0004,2,2,1,1,2,2,4,minimax,18,action_390,1.0
problem0004,2,2,1,1,2,2,4,mcts,64,action_390,6.0
problem0004,2,2,1,1,2,2,4,minimax,7,action_390,1.0
problem0004,2,2,1,1,2,2,4,mcts,93,action_390,5.0
problem0004,2,2,1,1,2,2,6,minimax,17,action_390,1.0
problem0004,2,2,1,1,2,2,6,mcts,116,action_370,8.0
problem0004,2,2,1,1,2,2,6,minimax,16,action_370,1.0
problem0004,2,2,1,1,2,2,6,mcts,168,action_370,12.0
problem0004,2,2,1,1,2,2,6,minimax,13,action_370,1.0
problem0004,2,2,1,1,2,2,6,mcts,97,action_390,8.0
problem0004,2,2,1,1,2,2,6,minimax,20,action_390,1.0
problem0004,2,2,1,1,2,2,6,mcts,74,action_390,11.0
problem0004,2,2,1,1,2,2,6,minimax,8,action_390,1.0
problem0004,2,2,1,1,2,2,6,mcts,86,action_370,12.0
problem0004,2,2,1,1,2,2,8,minimax,11,action_390,1.0
problem0004,2,2,1,1,2,2,8,mcts,87,action_390,12.0
problem0004,2,2,1,1,2,2,8,minimax,0,action_390,1.0
problem0004,2,2,1,1,2,2,8,mcts,63,action_370,11.0
problem0004,2,2,1,1,2,2,8,minimax,5,action_390,1.0
problem0004,2,2,1,1,2,2,8,mcts,51,action_370,18.0
problem0004,2,2,1,1,2,2,8,minimax,1,action_370,1.0
problem0004,2,2,1,1,2,2,8,mcts,60,action_390,13.0
problem0004,2,2,1,1,2,2,8,minimax,13,action_370,1.0
problem0004,2,2,1,1,2,2,8,mcts,166,action_370,13.0
problem0004,2,2,1,1,2,2,10,minimax,8,action_390,1.0
problem0004,2,2,1,1,2,2,10,mcts,115,action_390,12.0
problem0004,2,2,1,1,2,2,10,minimax,14,action_370,1.0
problem0004,2,2,1,1,2,2,10,mcts,91,action_370,17.0
problem0004,2,2,1,1,2,2,10,minimax,4,action_370,1.0
problem0004,2,2,1,1,2,2,10,mcts,60,action_370,20.0
problem0004,2,2,1,1,2,2,10,minimax,0,action_390,1.0
problem0004,2,2,1,1,2,2,10,mcts,90,action_390,17.0
problem0004,2,2,1,1,2,2,10,minimax,14,action_370,1.0
problem0004,2,2,1,1,2,2,10,mcts,120,action_390,21.0
