Dataset,LanguageSize,NumConditionActionRules,EffectSize,NumOfRules,RuleSize,GoalSize,SearchDepth,Algorithm,Time,Decision,DecisionValue
problem0039,4,6,1,2,2,8,2,minimax,3162,action_441,0.25
problem0039,4,6,1,2,2,8,2,mcts,2200,action_736,2.25
problem0039,4,6,1,2,2,8,2,minimax,3119,action_441,0.25
problem0039,4,6,1,2,2,8,2,mcts,2183,action_96,0.5
problem0039,4,6,1,2,2,8,2,minimax,3058,action_105,0.25
problem0039,4,6,1,2,2,8,2,mcts,2108,action_148,0.25
problem0039,4,6,1,2,2,8,2,minimax,3058,action_148,0.25
problem0039,4,6,1,2,2,8,2,mcts,1996,action_96,2.5
problem0039,4,6,1,2,2,8,2,minimax,3102,action_96,0.25
problem0039,4,6,1,2,2,8,2,mcts,2166,action_148,2.25
problem0039,4,6,1,2,2,8,4,minimax,20747,action_148,0.5
problem0039,4,6,1,2,2,8,4,mcts,3733,action_96,4.5
problem0039,4,6,1,2,2,8,4,minimax,20771,action_441,0.5
problem0039,4,6,1,2,2,8,4,mcts,3670,action_148,4.25
problem0039,4,6,1,2,2,8,4,minimax,20685,action_148,0.5
problem0039,4,6,1,2,2,8,4,mcts,3545,action_951,2.0
problem0039,4,6,1,2,2,8,4,minimax,20942,action_441,0.5
problem0039,4,6,1,2,2,8,4,mcts,3430,action_951,3.0
problem0039,4,6,1,2,2,8,4,minimax,20799,action_441,0.5
problem0039,4,6,1,2,2,8,4,mcts,3591,action_96,7.25
problem0039,4,6,1,2,2,8,6,minimax,101754,action_441,1.0
problem0039,4,6,1,2,2,8,6,mcts,5477,action_951,4.5
problem0039,4,6,1,2,2,8,6,minimax,100812,action_441,1.0
problem0039,4,6,1,2,2,8,6,mcts,5379,action_148,8.75
problem0039,4,6,1,2,2,8,6,minimax,102123,action_96,1.0
problem0039,4,6,1,2,2,8,6,mcts,5567,action_105,5.5
problem0039,4,6,1,2,2,8,6,minimax,101008,action_441,1.0
problem0039,4,6,1,2,2,8,6,mcts,5718,action_105,4.0
problem0039,4,6,1,2,2,8,6,minimax,100976,action_441,1.0
problem0039,4,6,1,2,2,8,6,mcts,5964,action_951,6.25
problem0039,4,6,1,2,2,8,8,minimax,544651,action_105,1.0
problem0039,4,6,1,2,2,8,8,mcts,7341,action_96,8.25
problem0039,4,6,1,2,2,8,8,minimax,545090,action_441,1.0
problem0039,4,6,1,2,2,8,8,mcts,7444,action_951,5.5
problem0039,4,6,1,2,2,8,8,minimax,547887,action_441,1.0
problem0039,4,6,1,2,2,8,8,mcts,7567,action_96,9.5
problem0039,4,6,1,2,2,8,8,minimax,555762,action_951,1.0
problem0039,4,6,1,2,2,8,8,mcts,8042,action_105,9.0
problem0039,4,6,1,2,2,8,8,minimax,546341,action_441,1.0
problem0039,4,6,1,2,2,8,8,mcts,7605,action_148,10.5
problem0039,4,6,1,2,2,8,10,minimax,3114919,action_951,1.0
problem0039,4,6,1,2,2,8,10,mcts,9916,action_96,9.5
problem0039,4,6,1,2,2,8,10,minimax,3106557,action_441,1.0
problem0039,4,6,1,2,2,8,10,mcts,9242,action_736,14.5
problem0039,4,6,1,2,2,8,10,minimax,3102014,action_105,1.0
problem0039,4,6,1,2,2,8,10,mcts,9164,action_148,11.5
problem0039,4,6,1,2,2,8,10,minimax,3100975,action_441,1.0
problem0039,4,6,1,2,2,8,10,mcts,9512,action_736,11.25
problem0039,4,6,1,2,2,8,10,minimax,3113018,action_148,1.0
problem0039,4,6,1,2,2,8,10,mcts,10358,action_96,7.25
